customer_id,city,signup_date,customer_segment,preferred_device
CUST00001,Pune,2025-10-30,Regular,Desktop
CUST00002,Chennai,2025-01-12,Regular,Mobile
CUST00003,Kolkata,2025-11-14,Premium,Desktop
CUST00004,Pune,2025-03-21,Occassional,Desktop
CUST00005,Bangalore,2025-08-04,Occassional,Desktop
CUST00006,Ahmedabad,2025-12-05,Occassional,Mobile
CUST00007,Kolkata,2025-09-21,Regular,Desktop
CUST00008,Kolkata,2025-05-29,Regular,Tablet
CUST00009,Pune,2025-03-22,Regular,Desktop
CUST00010,Delhi,2025-08-03,Regular,Mobile
CUST00011,Bangalore,2025-07-17,Occassional,Desktop
CUST00012,Pune,2025-07-19,Regular,Desktop
CUST00013,Bangalore,2025-01-25,Occassional,Desktop
CUST00014,Bangalore,2025-03-30,Regular,Mobile
CUST00015,Ahmedabad,2025-09-25,Regular,Mobile
CUST00016,Kolkata,2025-05-23,Regular,Desktop
CUST00017,Chennai,2025-02-28,Regular,Mobile
CUST00018,Ahmedabad,2025-12-31,Regular,Desktop
CUST00019,Ahmedabad,2025-01-26,Occassional,Mobile
CUST00020,Bangalore,2025-02-16,Regular,Mobile
CUST00021,Hyderabad,2025-10-15,Regular,Mobile
CUST00022,Kolkata,2025-09-23,Regular,Mobile
CUST00023,Delhi,2025-01-16,Occassional,Tablet
CUST00024,Ahmedabad,2025-07-18,Regular,Desktop
CUST00025,Chennai,2025-10-09,Occassional,Desktop
CUST00026,Hyderabad,2025-03-27,Regular,Mobile
CUST00027,Hyderabad,2025-09-07,Occassional,Desktop
CUST00028,Delhi,2025-09-27,Regular,Desktop
CUST00029,Ahmedabad,2025-12-01,Regular,Mobile
CUST00030,Chennai,2025-04-27,Regular,Mobile
CUST00031,Kolkata,2025-01-07,Occassional,Desktop
CUST00032,Mumbai,2025-05-17,Regular,Desktop
CUST00033,Chennai,2025-06-25,Regular,Tablet
CUST00034,Delhi,2025-11-24,Premium,Mobile
CUST00035,Hyderabad,2025-11-11,Occassional,Desktop
CUST00036,Kolkata,2025-08-03,Regular,Mobile
CUST00037,Chennai,2025-03-23,Occassional,Mobile
CUST00038,Mumbai,2025-08-11,Premium,Mobile
CUST00039,Mumbai,2025-04-13,Regular,Mobile
CUST00040,Bangalore,2025-09-30,Regular,Mobile
CUST00041,Bangalore,2025-01-14,Regular,Mobile
CUST00042,Pune,2025-06-08,Regular,Desktop
CUST00043,Delhi,2025-06-01,Premium,Desktop
CUST00044,Ahmedabad,2025-04-18,Regular,Mobile
CUST00045,Chennai,2025-07-07,Regular,Tablet
CUST00046,Chennai,2025-10-28,Premium,Mobile
CUST00047,Ahmedabad,2025-04-08,Regular,Mobile
CUST00048,Pune,2025-05-11,Regular,Desktop
CUST00049,Hyderabad,2025-10-20,Premium,Mobile
CUST00050,Hyderabad,2025-06-20,Occassional,Mobile
CUST00051,Pune,2025-07-02,Occassional,Mobile
CUST00052,Hyderabad,2025-12-30,Regular,Mobile
CUST00053,Bangalore,2025-02-08,Premium,Desktop
CUST00054,Chennai,2025-01-15,Occassional,Mobile
CUST00055,Pune,2025-01-04,Regular,Mobile
CUST00056,Chennai,2025-12-15,Regular,Mobile
CUST00057,Ahmedabad,2025-07-29,Regular,Desktop
CUST00058,Mumbai,2025-06-10,Regular,Mobile
CUST00059,Bangalore,2025-01-16,Regular,Desktop
CUST00060,Kolkata,2025-04-18,Regular,Mobile
CUST00061,Bangalore,2025-11-07,Regular,Mobile
CUST00062,Pune,2025-08-15,Occassional,Mobile
CUST00063,Kolkata,2025-06-19,Regular,Mobile
CUST00064,Mumbai,2025-02-03,Regular,Mobile
CUST00065,Pune,2025-09-08,Occassional,Mobile
CUST00066,Delhi,2025-09-04,Regular,Tablet
CUST00067,Chennai,2025-09-26,Regular,Mobile
CUST00068,Mumbai,2025-05-21,Regular,Desktop
CUST00069,Chennai,2025-10-01,Regular,Mobile
CUST00070,Hyderabad,2025-04-06,Occassional,Mobile
CUST00071,Delhi,2025-08-15,Regular,Mobile
CUST00072,Delhi,2025-02-08,Occassional,Tablet
CUST00073,Mumbai,2025-10-29,Premium,Mobile
CUST00074,Delhi,2025-01-29,Premium,Mobile
CUST00075,Kolkata,2025-11-14,Regular,Mobile
CUST00076,Delhi,2025-09-02,Regular,Mobile
CUST00077,Chennai,2025-08-24,Regular,Mobile
CUST00078,Chennai,2025-07-04,Regular,Mobile
CUST00079,Pune,2025-09-29,Regular,Mobile
CUST00080,Chennai,2025-08-24,Premium,Mobile
CUST00081,Pune,2025-08-27,Occassional,Desktop
CUST00082,Chennai,2025-09-23,Regular,Mobile
CUST00083,Kolkata,2025-12-25,Regular,Mobile
CUST00084,Ahmedabad,2025-12-06,Occassional,Mobile
CUST00085,Pune,2025-03-06,Occassional,Desktop
CUST00086,Bangalore,2025-06-26,Premium,Mobile
CUST00087,Hyderabad,2025-01-03,Occassional,Mobile
CUST00088,Mumbai,2025-05-22,Regular,Mobile
CUST00089,Chennai,2025-06-07,Regular,Mobile
CUST00090,Delhi,2025-11-20,Regular,Mobile
CUST00091,Ahmedabad,2025-05-26,Occassional,Desktop
CUST00092,Chennai,2025-10-20,Regular,Desktop
CUST00093,Delhi,2025-06-02,Regular,Desktop
CUST00094,Hyderabad,2025-07-12,Regular,Mobile
CUST00095,Hyderabad,2025-03-14,Occassional,Mobile
CUST00096,Hyderabad,2025-11-01,Occassional,Mobile
CUST00097,Delhi,2025-12-10,Regular,Mobile
CUST00098,Chennai,2025-05-20,Occassional,Mobile
CUST00099,Hyderabad,2025-07-06,Premium,Desktop
CUST00100,Kolkata,2025-10-20,Premium,Mobile
CUST00101,Pune,2025-03-02,Premium,Mobile
CUST00102,Delhi,2025-07-17,Regular,Mobile
CUST00103,Delhi,2025-10-22,Regular,Mobile
CUST00104,Chennai,2025-11-15,Premium,Mobile
CUST00105,Delhi,2025-10-29,Premium,Desktop
CUST00106,Delhi,2025-12-10,Occassional,Mobile
CUST00107,Hyderabad,2025-01-11,Occassional,Desktop
CUST00108,Chennai,2025-03-03,Occassional,Desktop
CUST00109,Hyderabad,2025-11-29,Occassional,Desktop
CUST00110,Pune,2025-08-14,Regular,Mobile
CUST00111,Ahmedabad,2025-06-02,Premium,Mobile
CUST00112,Pune,2025-07-18,Regular,Mobile
CUST00113,Ahmedabad,2025-02-21,Regular,Desktop
CUST00114,Hyderabad,2025-09-17,Regular,Mobile
CUST00115,Pune,2025-02-28,Regular,Desktop
CUST00116,Chennai,2025-03-13,Premium,Mobile
CUST00117,Mumbai,2025-05-28,Regular,Mobile
CUST00118,Hyderabad,2025-12-15,Regular,Mobile
CUST00119,Ahmedabad,2025-03-04,Regular,Mobile
CUST00120,Kolkata,2025-11-06,Regular,Mobile
CUST00121,Ahmedabad,2025-08-31,Regular,Desktop
CUST00122,Kolkata,2025-11-26,Premium,Desktop
CUST00123,Delhi,2025-04-17,Premium,Desktop
CUST00124,Pune,2025-08-14,Occassional,Desktop
CUST00125,Kolkata,2025-11-09,Regular,Desktop
CUST00126,Ahmedabad,2025-08-06,Premium,Mobile
CUST00127,Delhi,2025-08-29,Occassional,Desktop
CUST00128,Mumbai,2025-09-16,Regular,Mobile
CUST00129,Chennai,2025-09-19,Regular,Mobile
CUST00130,Chennai,2025-01-05,Premium,Desktop
CUST00131,Chennai,2025-09-18,Regular,Mobile
CUST00132,Kolkata,2025-02-23,Regular,Mobile
CUST00133,Mumbai,2025-02-16,Regular,Mobile
CUST00134,Kolkata,2025-08-03,Occassional,Mobile
CUST00135,Pune,2025-06-26,Regular,Tablet
CUST00136,Kolkata,2025-01-09,Regular,Mobile
CUST00137,Mumbai,2025-04-09,Regular,Mobile
CUST00138,Mumbai,2025-01-20,Regular,Mobile
CUST00139,Pune,2025-08-29,Premium,Mobile
CUST00140,Mumbai,2025-03-02,Regular,Tablet
CUST00141,Ahmedabad,2025-06-27,Occassional,Mobile
CUST00142,Mumbai,2025-12-04,Regular,Mobile
CUST00143,Chennai,2025-03-03,Regular,Desktop
CUST00144,Ahmedabad,2025-05-25,Premium,Tablet
CUST00145,Ahmedabad,2025-08-04,Regular,Desktop
CUST00146,Pune,2025-01-03,Regular,Desktop
CUST00147,Bangalore,2025-06-09,Occassional,Mobile
CUST00148,Bangalore,2025-08-15,Regular,Mobile
CUST00149,Mumbai,2025-09-26,Regular,Mobile
CUST00150,Ahmedabad,2025-04-30,Occassional,Desktop
CUST00151,Bangalore,2025-03-30,Regular,Mobile
CUST00152,Bangalore,2025-11-25,Occassional,Mobile
CUST00153,Mumbai,2025-03-09,Regular,Mobile
CUST00154,Bangalore,2025-12-23,Regular,Mobile
CUST00155,Kolkata,2025-04-08,Regular,Mobile
CUST00156,Delhi,2025-09-24,Regular,Tablet
CUST00157,Pune,2025-04-15,Regular,Mobile
CUST00158,Delhi,2025-11-19,Regular,Desktop
CUST00159,Mumbai,2025-05-03,Regular,Desktop
CUST00160,Chennai,2025-01-29,Regular,Mobile
CUST00161,Pune,2025-05-17,Premium,Mobile
CUST00162,Mumbai,2025-07-14,Occassional,Mobile
CUST00163,Ahmedabad,2025-08-14,Regular,Mobile
CUST00164,Chennai,2025-11-28,Regular,Desktop
CUST00165,Delhi,2025-06-19,Regular,Mobile
CUST00166,Mumbai,2025-01-09,Occassional,Mobile
CUST00167,Ahmedabad,2025-02-09,Occassional,Mobile
CUST00168,Pune,2025-01-25,Regular,Tablet
CUST00169,Pune,2025-09-18,Regular,Desktop
CUST00170,Hyderabad,2025-08-14,Regular,Desktop
CUST00171,Ahmedabad,2025-05-04,Premium,Desktop
CUST00172,Kolkata,2025-02-07,Regular,Mobile
CUST00173,Bangalore,2025-11-24,Occassional,Desktop
CUST00174,Chennai,2025-09-08,Regular,Mobile
CUST00175,Ahmedabad,2025-06-25,Regular,Desktop
CUST00176,Hyderabad,2025-03-31,Occassional,Desktop
CUST00177,Bangalore,2025-02-06,Regular,Mobile
CUST00178,Bangalore,2025-11-12,Regular,Desktop
CUST00179,Mumbai,2025-06-25,Regular,Tablet
CUST00180,Bangalore,2025-10-11,Occassional,Mobile
CUST00181,Kolkata,2025-03-22,Premium,Desktop
CUST00182,Pune,2025-04-24,Occassional,Mobile
CUST00183,Hyderabad,2025-02-09,Occassional,Mobile
CUST00184,Bangalore,2025-10-28,Premium,Mobile
CUST00185,Mumbai,2025-08-12,Regular,Mobile
CUST00186,Kolkata,2025-11-14,Occassional,Tablet
CUST00187,Delhi,2025-12-15,Regular,Desktop
CUST00188,Pune,2025-04-25,Occassional,Desktop
CUST00189,Pune,2025-07-05,Occassional,Mobile
CUST00190,Hyderabad,2025-11-19,Regular,Tablet
CUST00191,Pune,2025-02-25,Regular,Mobile
CUST00192,Bangalore,2025-02-09,Occassional,Desktop
CUST00193,Mumbai,2025-12-20,Regular,Mobile
CUST00194,Pune,2025-02-09,Premium,Mobile
CUST00195,Pune,2025-12-13,Premium,Desktop
CUST00196,Delhi,2025-08-25,Regular,Mobile
CUST00197,Delhi,2025-10-16,Occassional,Mobile
CUST00198,Chennai,2025-09-19,Occassional,Mobile
CUST00199,Kolkata,2025-08-04,Regular,Mobile
CUST00200,Bangalore,2025-05-27,Premium,Mobile
CUST00201,Pune,2025-12-02,Regular,Mobile
CUST00202,Ahmedabad,2025-06-17,Occassional,Mobile
CUST00203,Pune,2025-04-02,Regular,Mobile
CUST00204,Mumbai,2025-12-19,Regular,Desktop
CUST00205,Chennai,2025-02-28,Premium,Mobile
CUST00206,Kolkata,2025-02-28,Regular,Tablet
CUST00207,Ahmedabad,2025-10-31,Occassional,Desktop
CUST00208,Chennai,2025-06-18,Regular,Mobile
CUST00209,Hyderabad,2025-09-26,Regular,Desktop
CUST00210,Kolkata,2025-12-29,Regular,Desktop
CUST00211,Pune,2025-02-14,Occassional,Tablet
CUST00212,Pune,2025-12-11,Premium,Mobile
CUST00213,Kolkata,2025-06-30,Regular,Mobile
CUST00214,Pune,2025-06-19,Regular,Desktop
CUST00215,Bangalore,2025-12-22,Occassional,Desktop
CUST00216,Kolkata,2025-07-10,Regular,Desktop
CUST00217,Chennai,2025-06-04,Premium,Mobile
CUST00218,Kolkata,2025-07-07,Regular,Desktop
CUST00219,Ahmedabad,2025-01-07,Occassional,Tablet
CUST00220,Pune,2025-05-13,Premium,Mobile
CUST00221,Bangalore,2025-08-23,Occassional,Mobile
CUST00222,Bangalore,2025-02-14,Regular,Mobile
CUST00223,Hyderabad,2025-11-10,Regular,Desktop
CUST00224,Chennai,2025-09-06,Regular,Desktop
CUST00225,Delhi,2025-01-31,Regular,Desktop
CUST00226,Delhi,2025-01-23,Regular,Mobile
CUST00227,Kolkata,2025-06-09,Occassional,Mobile
CUST00228,Hyderabad,2025-12-29,Regular,Mobile
CUST00229,Mumbai,2025-06-07,Regular,Mobile
CUST00230,Kolkata,2025-02-08,Occassional,Desktop
CUST00231,Hyderabad,2025-03-23,Occassional,Tablet
CUST00232,Chennai,2025-12-22,Premium,Tablet
CUST00233,Chennai,2025-09-15,Regular,Tablet
CUST00234,Chennai,2025-07-25,Occassional,Mobile
CUST00235,Chennai,2025-03-18,Premium,Mobile
CUST00236,Chennai,2025-01-12,Regular,Desktop
CUST00237,Hyderabad,2025-10-22,Occassional,Tablet
CUST00238,Hyderabad,2025-08-12,Premium,Mobile
CUST00239,Bangalore,2025-01-13,Regular,Mobile
CUST00240,Ahmedabad,2025-02-15,Regular,Mobile
CUST00241,Delhi,2025-06-04,Regular,Desktop
CUST00242,Pune,2025-04-23,Premium,Mobile
CUST00243,Chennai,2025-08-21,Premium,Mobile
CUST00244,Mumbai,2025-01-17,Regular,Mobile
CUST00245,Pune,2025-12-26,Occassional,Mobile
CUST00246,Hyderabad,2025-08-11,Occassional,Desktop
CUST00247,Mumbai,2025-12-20,Regular,Mobile
CUST00248,Mumbai,2025-07-07,Premium,Desktop
CUST00249,Mumbai,2025-12-10,Regular,Desktop
CUST00250,Bangalore,2025-12-31,Regular,Desktop
CUST00251,Hyderabad,2025-06-12,Occassional,Mobile
CUST00252,Mumbai,2025-11-22,Occassional,Tablet
CUST00253,Chennai,2025-03-15,Regular,Mobile
CUST00254,Kolkata,2025-08-21,Occassional,Tablet
CUST00255,Mumbai,2025-08-12,Premium,Tablet
CUST00256,Bangalore,2025-11-15,Regular,Mobile
CUST00257,Pune,2025-03-01,Regular,Mobile
CUST00258,Hyderabad,2025-12-01,Occassional,Mobile
CUST00259,Ahmedabad,2025-08-10,Regular,Mobile
CUST00260,Bangalore,2025-02-06,Regular,Mobile
CUST00261,Mumbai,2025-10-05,Occassional,Mobile
CUST00262,Hyderabad,2025-07-15,Premium,Mobile
CUST00263,Kolkata,2025-12-18,Regular,Mobile
CUST00264,Mumbai,2025-08-30,Occassional,Mobile
CUST00265,Bangalore,2025-11-20,Regular,Mobile
CUST00266,Delhi,2025-08-07,Regular,Mobile
CUST00267,Chennai,2025-07-11,Regular,Mobile
CUST00268,Ahmedabad,2025-01-17,Premium,Mobile
CUST00269,Pune,2025-01-12,Occassional,Mobile
CUST00270,Bangalore,2025-07-12,Regular,Desktop
CUST00271,Hyderabad,2025-01-22,Premium,Mobile
CUST00272,Ahmedabad,2025-04-30,Regular,Mobile
CUST00273,Ahmedabad,2025-07-29,Regular,Mobile
CUST00274,Ahmedabad,2025-11-02,Regular,Desktop
CUST00275,Mumbai,2025-09-27,Regular,Desktop
CUST00276,Chennai,2025-07-11,Regular,Desktop
CUST00277,Mumbai,2025-06-24,Regular,Desktop
CUST00278,Hyderabad,2025-10-12,Regular,Mobile
CUST00279,Mumbai,2025-07-23,Regular,Mobile
CUST00280,Delhi,2025-06-13,Regular,Mobile
CUST00281,Chennai,2025-09-08,Regular,Tablet
CUST00282,Chennai,2025-08-15,Regular,Desktop
CUST00283,Hyderabad,2025-01-07,Regular,Desktop
CUST00284,Pune,2025-01-29,Regular,Mobile
CUST00285,Delhi,2025-02-02,Occassional,Desktop
CUST00286,Bangalore,2025-05-14,Regular,Mobile
CUST00287,Mumbai,2025-03-20,Regular,Mobile
CUST00288,Kolkata,2025-02-27,Occassional,Mobile
CUST00289,Mumbai,2025-01-26,Regular,Mobile
CUST00290,Ahmedabad,2025-08-14,Regular,Mobile
CUST00291,Mumbai,2025-10-12,Regular,Desktop
CUST00292,Bangalore,2025-01-04,Regular,Mobile
CUST00293,Mumbai,2025-04-09,Occassional,Mobile
CUST00294,Delhi,2025-02-08,Regular,Mobile
CUST00295,Delhi,2025-09-28,Occassional,Mobile
CUST00296,Chennai,2025-10-12,Regular,Desktop
CUST00297,Hyderabad,2025-06-06,Regular,Desktop
CUST00298,Pune,2025-03-16,Premium,Desktop
CUST00299,Kolkata,2025-10-15,Regular,Desktop
CUST00300,Ahmedabad,2025-05-10,Regular,Desktop
CUST00301,Mumbai,2025-06-24,Occassional,Mobile
CUST00302,Mumbai,2025-03-25,Regular,Desktop
CUST00303,Bangalore,2025-01-22,Regular,Mobile
CUST00304,Hyderabad,2025-01-27,Regular,Mobile
CUST00305,Delhi,2025-07-14,Regular,Mobile
CUST00306,Kolkata,2025-12-03,Regular,Desktop
CUST00307,Chennai,2025-08-24,Occassional,Desktop
CUST00308,Delhi,2025-04-02,Regular,Mobile
CUST00309,Ahmedabad,2025-01-21,Regular,Desktop
CUST00310,Hyderabad,2025-10-30,Regular,Tablet
CUST00311,Ahmedabad,2025-12-23,Occassional,Mobile
CUST00312,Pune,2025-03-25,Occassional,Mobile
CUST00313,Chennai,2025-09-19,Regular,Desktop
CUST00314,Pune,2025-05-27,Regular,Mobile
CUST00315,Bangalore,2025-09-14,Occassional,Desktop
CUST00316,Ahmedabad,2025-02-27,Regular,Mobile
CUST00317,Bangalore,2025-01-15,Occassional,Mobile
CUST00318,Mumbai,2025-06-11,Regular,Desktop
CUST00319,Pune,2025-06-12,Regular,Desktop
CUST00320,Hyderabad,2025-11-16,Occassional,Desktop
CUST00321,Ahmedabad,2025-10-08,Occassional,Desktop
CUST00322,Kolkata,2025-10-07,Regular,Desktop
CUST00323,Chennai,2025-01-12,Regular,Desktop
CUST00324,Delhi,2025-10-01,Regular,Mobile
CUST00325,Hyderabad,2025-09-28,Premium,Mobile
CUST00326,Hyderabad,2025-07-27,Regular,Mobile
CUST00327,Bangalore,2025-01-27,Regular,Desktop
CUST00328,Pune,2025-03-13,Occassional,Mobile
CUST00329,Ahmedabad,2025-03-01,Regular,Mobile
CUST00330,Ahmedabad,2025-05-25,Regular,Mobile
CUST00331,Mumbai,2025-04-03,Premium,Desktop
CUST00332,Mumbai,2025-11-05,Regular,Desktop
CUST00333,Chennai,2025-01-08,Regular,Mobile
CUST00334,Bangalore,2025-03-20,Occassional,Desktop
CUST00335,Hyderabad,2025-01-27,Regular,Mobile
CUST00336,Ahmedabad,2025-06-23,Occassional,Mobile
CUST00337,Kolkata,2025-02-19,Occassional,Desktop
CUST00338,Bangalore,2025-07-18,Regular,Mobile
CUST00339,Chennai,2025-12-15,Occassional,Tablet
CUST00340,Chennai,2025-06-30,Occassional,Mobile
CUST00341,Bangalore,2025-01-24,Regular,Mobile
CUST00342,Chennai,2025-11-12,Regular,Tablet
CUST00343,Bangalore,2025-02-15,Regular,Mobile
CUST00344,Delhi,2025-01-15,Regular,Tablet
CUST00345,Bangalore,2025-06-02,Occassional,Tablet
CUST00346,Pune,2025-08-10,Regular,Mobile
CUST00347,Bangalore,2025-07-25,Occassional,Mobile
CUST00348,Chennai,2025-09-30,Regular,Mobile
CUST00349,Ahmedabad,2025-08-24,Premium,Mobile
CUST00350,Pune,2025-12-06,Occassional,Mobile
CUST00351,Chennai,2025-08-16,Regular,Mobile
CUST00352,Mumbai,2025-01-09,Regular,Mobile
CUST00353,Mumbai,2025-06-15,Regular,Mobile
CUST00354,Ahmedabad,2025-11-15,Premium,Tablet
CUST00355,Ahmedabad,2025-08-02,Regular,Desktop
CUST00356,Pune,2025-04-27,Regular,Desktop
CUST00357,Delhi,2025-12-10,Regular,Mobile
CUST00358,Ahmedabad,2025-03-13,Occassional,Desktop
CUST00359,Mumbai,2025-03-05,Regular,Mobile
CUST00360,Bangalore,2025-07-24,Regular,Desktop
CUST00361,Chennai,2025-07-28,Regular,Tablet
CUST00362,Mumbai,2025-03-13,Occassional,Mobile
CUST00363,Mumbai,2025-10-04,Regular,Desktop
CUST00364,Delhi,2025-10-01,Regular,Desktop
CUST00365,Pune,2025-11-16,Premium,Tablet
CUST00366,Pune,2025-12-04,Premium,Desktop
CUST00367,Hyderabad,2025-04-05,Occassional,Mobile
CUST00368,Delhi,2025-06-15,Regular,Mobile
CUST00369,Bangalore,2025-02-01,Regular,Mobile
CUST00370,Pune,2025-01-11,Regular,Desktop
CUST00371,Chennai,2025-10-28,Regular,Mobile
CUST00372,Ahmedabad,2025-08-05,Occassional,Desktop
CUST00373,Delhi,2025-10-16,Occassional,Mobile
CUST00374,Ahmedabad,2025-04-12,Regular,Mobile
CUST00375,Mumbai,2025-09-24,Occassional,Mobile
CUST00376,Chennai,2025-08-02,Occassional,Desktop
CUST00377,Chennai,2025-06-28,Regular,Mobile
CUST00378,Mumbai,2025-03-29,Regular,Mobile
CUST00379,Delhi,2025-02-10,Regular,Mobile
CUST00380,Mumbai,2025-03-17,Occassional,Mobile
CUST00381,Ahmedabad,2025-02-15,Occassional,Mobile
CUST00382,Hyderabad,2025-06-09,Occassional,Desktop
CUST00383,Chennai,2025-03-21,Occassional,Mobile
CUST00384,Kolkata,2025-11-06,Regular,Mobile
CUST00385,Kolkata,2025-03-27,Occassional,Desktop
CUST00386,Ahmedabad,2025-04-02,Occassional,Tablet
CUST00387,Bangalore,2025-05-28,Regular,Desktop
CUST00388,Pune,2025-06-10,Regular,Mobile
CUST00389,Mumbai,2025-07-21,Occassional,Desktop
CUST00390,Mumbai,2025-08-30,Premium,Tablet
CUST00391,Bangalore,2025-12-19,Occassional,Desktop
CUST00392,Bangalore,2025-01-02,Regular,Mobile
CUST00393,Ahmedabad,2025-08-13,Regular,Mobile
CUST00394,Ahmedabad,2025-10-16,Occassional,Desktop
CUST00395,Bangalore,2025-08-21,Regular,Mobile
CUST00396,Chennai,2025-03-18,Regular,Mobile
CUST00397,Ahmedabad,2025-04-26,Regular,Desktop
CUST00398,Hyderabad,2025-06-03,Occassional,Desktop
CUST00399,Ahmedabad,2025-04-13,Premium,Mobile
CUST00400,Mumbai,2025-07-13,Occassional,Desktop
CUST00401,Ahmedabad,2025-06-15,Regular,Mobile
CUST00402,Chennai,2025-12-25,Occassional,Mobile
CUST00403,Bangalore,2025-03-31,Occassional,Desktop
CUST00404,Mumbai,2025-06-23,Regular,Mobile
CUST00405,Ahmedabad,2025-05-02,Regular,Mobile
CUST00406,Chennai,2025-05-23,Regular,Tablet
CUST00407,Hyderabad,2025-04-16,Regular,Mobile
CUST00408,Ahmedabad,2025-11-01,Premium,Mobile
CUST00409,Chennai,2025-12-26,Premium,Tablet
CUST00410,Hyderabad,2025-11-13,Premium,Desktop
CUST00411,Bangalore,2025-05-03,Regular,Desktop
CUST00412,Ahmedabad,2025-01-09,Regular,Desktop
CUST00413,Hyderabad,2025-09-19,Regular,Mobile
CUST00414,Mumbai,2025-03-14,Occassional,Desktop
CUST00415,Bangalore,2025-12-25,Regular,Mobile
CUST00416,Mumbai,2025-08-11,Regular,Desktop
CUST00417,Kolkata,2025-02-10,Regular,Mobile
CUST00418,Delhi,2025-07-23,Occassional,Desktop
CUST00419,Ahmedabad,2025-09-21,Occassional,Mobile
CUST00420,Hyderabad,2025-11-24,Occassional,Mobile
CUST00421,Delhi,2025-06-27,Occassional,Desktop
CUST00422,Delhi,2025-12-14,Premium,Desktop
CUST00423,Hyderabad,2025-11-14,Occassional,Desktop
CUST00424,Bangalore,2025-03-25,Occassional,Mobile
CUST00425,Ahmedabad,2025-11-14,Regular,Mobile
CUST00426,Kolkata,2025-04-21,Occassional,Desktop
CUST00427,Mumbai,2025-09-08,Premium,Desktop
CUST00428,Chennai,2025-01-07,Regular,Desktop
CUST00429,Mumbai,2025-03-25,Regular,Tablet
CUST00430,Chennai,2025-07-27,Regular,Desktop
CUST00431,Mumbai,2025-11-10,Regular,Mobile
CUST00432,Hyderabad,2025-01-22,Regular,Desktop
CUST00433,Kolkata,2025-01-03,Regular,Tablet
CUST00434,Ahmedabad,2025-05-07,Regular,Desktop
CUST00435,Chennai,2025-10-24,Occassional,Desktop
CUST00436,Ahmedabad,2025-07-07,Premium,Desktop
CUST00437,Ahmedabad,2025-12-28,Regular,Mobile
CUST00438,Ahmedabad,2025-01-14,Occassional,Mobile
CUST00439,Pune,2025-01-12,Occassional,Mobile
CUST00440,Bangalore,2025-03-28,Regular,Tablet
CUST00441,Mumbai,2025-01-12,Occassional,Desktop
CUST00442,Ahmedabad,2025-01-25,Occassional,Mobile
CUST00443,Mumbai,2025-10-28,Occassional,Tablet
CUST00444,Ahmedabad,2025-08-31,Regular,Mobile
CUST00445,Chennai,2025-05-02,Regular,Mobile
CUST00446,Bangalore,2025-05-27,Regular,Desktop
CUST00447,Bangalore,2025-02-24,Regular,Desktop
CUST00448,Hyderabad,2025-08-26,Regular,Mobile
CUST00449,Pune,2025-12-22,Premium,Mobile
CUST00450,Hyderabad,2025-06-22,Regular,Mobile
CUST00451,Hyderabad,2025-08-09,Regular,Mobile
CUST00452,Hyderabad,2025-04-29,Regular,Mobile
CUST00453,Hyderabad,2025-11-05,Occassional,Mobile
CUST00454,Hyderabad,2025-07-02,Regular,Mobile
CUST00455,Kolkata,2025-10-15,Premium,Mobile
CUST00456,Bangalore,2025-11-03,Occassional,Mobile
CUST00457,Hyderabad,2025-10-27,Premium,Mobile
CUST00458,Ahmedabad,2025-03-23,Regular,Desktop
CUST00459,Bangalore,2025-07-30,Occassional,Desktop
CUST00460,Bangalore,2025-05-30,Regular,Mobile
CUST00461,Delhi,2025-02-06,Occassional,Mobile
CUST00462,Kolkata,2025-12-18,Regular,Mobile
CUST00463,Hyderabad,2025-11-08,Regular,Mobile
CUST00464,Mumbai,2025-12-27,Premium,Mobile
CUST00465,Chennai,2025-02-28,Regular,Mobile
CUST00466,Pune,2025-05-11,Occassional,Mobile
CUST00467,Ahmedabad,2025-07-21,Regular,Desktop
CUST00468,Mumbai,2025-08-31,Regular,Mobile
CUST00469,Kolkata,2025-02-04,Regular,Mobile
CUST00470,Chennai,2025-04-03,Regular,Desktop
CUST00471,Kolkata,2025-07-26,Premium,Mobile
CUST00472,Ahmedabad,2025-12-19,Regular,Mobile
CUST00473,Bangalore,2025-11-28,Regular,Mobile
CUST00474,Chennai,2025-11-01,Regular,Mobile
CUST00475,Bangalore,2025-12-16,Regular,Desktop
CUST00476,Ahmedabad,2025-08-01,Premium,Mobile
CUST00477,Mumbai,2025-06-08,Regular,Mobile
CUST00478,Ahmedabad,2025-01-24,Occassional,Mobile
CUST00479,Mumbai,2025-10-20,Premium,Mobile
CUST00480,Chennai,2025-01-04,Regular,Desktop
CUST00481,Chennai,2025-08-08,Regular,Desktop
CUST00482,Hyderabad,2025-12-30,Regular,Mobile
CUST00483,Kolkata,2025-01-20,Regular,Mobile
CUST00484,Hyderabad,2025-06-01,Regular,Mobile
CUST00485,Kolkata,2025-02-19,Occassional,Desktop
CUST00486,Hyderabad,2025-06-26,Regular,Mobile
CUST00487,Bangalore,2025-04-06,Occassional,Mobile
CUST00488,Chennai,2025-04-15,Occassional,Mobile
CUST00489,Mumbai,2025-09-07,Regular,Mobile
CUST00490,Kolkata,2025-04-27,Regular,Mobile
CUST00491,Ahmedabad,2025-12-20,Premium,Mobile
CUST00492,Kolkata,2025-08-16,Regular,Mobile
CUST00493,Mumbai,2025-03-07,Occassional,Mobile
CUST00494,Hyderabad,2025-12-01,Regular,Mobile
CUST00495,Kolkata,2025-09-19,Regular,Desktop
CUST00496,Pune,2025-10-22,Occassional,Mobile
CUST00497,Bangalore,2025-08-31,Regular,Mobile
CUST00498,Chennai,2025-07-05,Premium,Desktop
CUST00499,Mumbai,2025-09-03,Regular,Mobile
CUST00500,Chennai,2025-05-05,Regular,Desktop
CUST00501,Pune,2025-09-25,Occassional,Desktop
CUST00502,Kolkata,2025-05-11,Premium,Mobile
CUST00503,Kolkata,2025-08-25,Regular,Tablet
CUST00504,Ahmedabad,2025-01-18,Regular,Mobile
CUST00505,Pune,2025-02-09,Regular,Mobile
CUST00506,Mumbai,2025-01-21,Regular,Mobile
CUST00507,Ahmedabad,2025-08-13,Regular,Mobile
CUST00508,Bangalore,2025-12-21,Regular,Desktop
CUST00509,Ahmedabad,2025-10-09,Occassional,Desktop
CUST00510,Delhi,2025-01-08,Regular,Desktop
CUST00511,Mumbai,2025-04-10,Premium,Tablet
CUST00512,Delhi,2025-08-28,Regular,Desktop
CUST00513,Pune,2025-03-28,Occassional,Desktop
CUST00514,Hyderabad,2025-10-25,Regular,Mobile
CUST00515,Delhi,2025-01-14,Regular,Mobile
CUST00516,Bangalore,2025-11-30,Occassional,Mobile
CUST00517,Ahmedabad,2025-01-02,Regular,Desktop
CUST00518,Hyderabad,2025-10-20,Regular,Mobile
CUST00519,Ahmedabad,2025-11-21,Regular,Mobile
CUST00520,Delhi,2025-02-10,Premium,Mobile
CUST00521,Ahmedabad,2025-11-14,Occassional,Mobile
CUST00522,Pune,2025-11-12,Premium,Mobile
CUST00523,Hyderabad,2025-04-21,Premium,Mobile
CUST00524,Pune,2025-01-14,Occassional,Desktop
CUST00525,Delhi,2025-08-19,Regular,Mobile
CUST00526,Pune,2025-03-25,Premium,Desktop
CUST00527,Bangalore,2025-05-10,Premium,Mobile
CUST00528,Delhi,2025-08-19,Premium,Mobile
CUST00529,Delhi,2025-11-22,Regular,Mobile
CUST00530,Delhi,2025-05-25,Regular,Mobile
CUST00531,Mumbai,2025-12-11,Regular,Mobile
CUST00532,Ahmedabad,2025-01-28,Premium,Mobile
CUST00533,Mumbai,2025-03-07,Occassional,Mobile
CUST00534,Mumbai,2025-06-12,Regular,Mobile
CUST00535,Bangalore,2025-08-17,Regular,Mobile
CUST00536,Hyderabad,2025-09-18,Regular,Desktop
CUST00537,Ahmedabad,2025-06-13,Regular,Desktop
CUST00538,Pune,2025-10-28,Regular,Mobile
CUST00539,Kolkata,2025-10-30,Regular,Tablet
CUST00540,Delhi,2025-10-14,Regular,Mobile
CUST00541,Pune,2025-01-10,Occassional,Desktop
CUST00542,Delhi,2025-07-14,Premium,Desktop
CUST00543,Bangalore,2025-04-28,Occassional,Desktop
CUST00544,Delhi,2025-09-27,Premium,Mobile
CUST00545,Mumbai,2025-03-21,Occassional,Mobile
CUST00546,Ahmedabad,2025-04-03,Regular,Mobile
CUST00547,Kolkata,2025-09-23,Occassional,Mobile
CUST00548,Chennai,2025-11-28,Premium,Mobile
CUST00549,Delhi,2025-12-16,Regular,Mobile
CUST00550,Pune,2025-12-27,Regular,Mobile
CUST00551,Mumbai,2025-09-14,Regular,Mobile
CUST00552,Chennai,2025-05-13,Regular,Desktop
CUST00553,Kolkata,2025-10-03,Regular,Desktop
CUST00554,Chennai,2025-09-21,Regular,Tablet
CUST00555,Mumbai,2025-06-20,Regular,Mobile
CUST00556,Ahmedabad,2025-01-01,Regular,Desktop
CUST00557,Ahmedabad,2025-11-09,Premium,Desktop
CUST00558,Hyderabad,2025-03-05,Occassional,Mobile
CUST00559,Ahmedabad,2025-10-11,Regular,Mobile
CUST00560,Hyderabad,2025-05-01,Occassional,Tablet
CUST00561,Chennai,2025-04-17,Regular,Mobile
CUST00562,Bangalore,2025-06-24,Occassional,Mobile
CUST00563,Pune,2025-07-23,Occassional,Mobile
CUST00564,Pune,2025-06-14,Regular,Mobile
CUST00565,Chennai,2025-11-01,Regular,Desktop
CUST00566,Delhi,2025-04-30,Regular,Desktop
CUST00567,Delhi,2025-02-13,Occassional,Mobile
CUST00568,Ahmedabad,2025-11-08,Regular,Mobile
CUST00569,Pune,2025-06-05,Premium,Mobile
CUST00570,Pune,2025-07-26,Regular,Mobile
CUST00571,Hyderabad,2025-04-18,Occassional,Mobile
CUST00572,Bangalore,2025-09-08,Occassional,Desktop
CUST00573,Mumbai,2025-11-30,Occassional,Mobile
CUST00574,Delhi,2025-05-10,Regular,Mobile
CUST00575,Pune,2025-10-20,Regular,Desktop
CUST00576,Hyderabad,2025-01-20,Regular,Mobile
CUST00577,Kolkata,2025-10-09,Regular,Desktop
CUST00578,Hyderabad,2025-10-12,Premium,Desktop
CUST00579,Delhi,2025-01-01,Regular,Desktop
CUST00580,Delhi,2025-04-29,Regular,Mobile
CUST00581,Hyderabad,2025-02-04,Regular,Mobile
CUST00582,Mumbai,2025-07-17,Occassional,Mobile
CUST00583,Chennai,2025-09-02,Regular,Mobile
CUST00584,Delhi,2025-02-28,Occassional,Desktop
CUST00585,Hyderabad,2025-11-21,Regular,Desktop
CUST00586,Pune,2025-06-10,Regular,Desktop
CUST00587,Hyderabad,2025-06-28,Regular,Tablet
CUST00588,Bangalore,2025-07-25,Premium,Desktop
CUST00589,Chennai,2025-01-12,Regular,Mobile
CUST00590,Kolkata,2025-10-03,Regular,Mobile
CUST00591,Mumbai,2025-06-30,Premium,Desktop
CUST00592,Ahmedabad,2025-08-30,Regular,Mobile
CUST00593,Kolkata,2025-08-04,Regular,Mobile
CUST00594,Chennai,2025-09-08,Occassional,Mobile
CUST00595,Chennai,2025-10-26,Occassional,Desktop
CUST00596,Chennai,2025-05-06,Regular,Mobile
CUST00597,Kolkata,2025-08-05,Premium,Desktop
CUST00598,Pune,2025-11-02,Occassional,Desktop
CUST00599,Chennai,2025-10-12,Occassional,Mobile
CUST00600,Hyderabad,2025-07-04,Regular,Mobile
CUST00601,Kolkata,2025-02-08,Occassional,Mobile
CUST00602,Ahmedabad,2025-08-11,Regular,Desktop
CUST00603,Chennai,2025-07-03,Occassional,Desktop
CUST00604,Hyderabad,2025-06-27,Occassional,Desktop
CUST00605,Pune,2025-10-21,Premium,Mobile
CUST00606,Bangalore,2025-12-06,Regular,Mobile
CUST00607,Pune,2025-05-31,Occassional,Mobile
CUST00608,Ahmedabad,2025-05-06,Premium,Desktop
CUST00609,Chennai,2025-10-28,Regular,Mobile
CUST00610,Ahmedabad,2025-11-04,Occassional,Mobile
CUST00611,Kolkata,2025-12-02,Regular,Mobile
CUST00612,Delhi,2025-08-22,Regular,Mobile
CUST00613,Chennai,2025-01-08,Regular,Mobile
CUST00614,Delhi,2025-12-07,Regular,Mobile
CUST00615,Hyderabad,2025-05-09,Regular,Mobile
CUST00616,Bangalore,2025-09-21,Premium,Mobile
CUST00617,Mumbai,2025-06-06,Regular,Desktop
CUST00618,Ahmedabad,2025-12-18,Regular,Desktop
CUST00619,Pune,2025-12-24,Regular,Mobile
CUST00620,Bangalore,2025-01-05,Regular,Desktop
CUST00621,Chennai,2025-03-27,Regular,Mobile
CUST00622,Delhi,2025-06-24,Regular,Mobile
CUST00623,Pune,2025-10-17,Premium,Desktop
CUST00624,Delhi,2025-07-12,Regular,Desktop
CUST00625,Kolkata,2025-11-07,Regular,Desktop
CUST00626,Delhi,2025-04-29,Occassional,Mobile
CUST00627,Kolkata,2025-08-06,Premium,Mobile
CUST00628,Hyderabad,2025-04-24,Regular,Desktop
CUST00629,Pune,2025-05-25,Regular,Mobile
CUST00630,Pune,2025-01-26,Regular,Mobile
CUST00631,Mumbai,2025-05-16,Premium,Desktop
CUST00632,Chennai,2025-10-30,Regular,Desktop
CUST00633,Kolkata,2025-08-20,Regular,Desktop
CUST00634,Mumbai,2025-03-17,Regular,Mobile
CUST00635,Delhi,2025-11-24,Regular,Desktop
CUST00636,Delhi,2025-12-11,Regular,Mobile
CUST00637,Mumbai,2025-10-29,Regular,Mobile
CUST00638,Pune,2025-10-16,Regular,Desktop
CUST00639,Delhi,2025-01-01,Regular,Mobile
CUST00640,Ahmedabad,2025-05-27,Regular,Mobile
CUST00641,Hyderabad,2025-10-14,Regular,Desktop
CUST00642,Hyderabad,2025-05-22,Premium,Mobile
CUST00643,Ahmedabad,2025-02-22,Regular,Mobile
CUST00644,Mumbai,2025-10-31,Premium,Mobile
CUST00645,Ahmedabad,2025-03-10,Regular,Mobile
CUST00646,Kolkata,2025-12-27,Regular,Mobile
CUST00647,Kolkata,2025-03-31,Regular,Desktop
CUST00648,Mumbai,2025-08-08,Occassional,Desktop
CUST00649,Ahmedabad,2025-07-11,Premium,Mobile
CUST00650,Kolkata,2025-03-04,Occassional,Desktop
CUST00651,Pune,2025-03-14,Regular,Mobile
CUST00652,Ahmedabad,2025-06-10,Regular,Mobile
CUST00653,Pune,2025-06-18,Premium,Desktop
CUST00654,Kolkata,2025-03-30,Regular,Mobile
CUST00655,Hyderabad,2025-06-25,Regular,Tablet
CUST00656,Kolkata,2025-09-26,Occassional,Mobile
CUST00657,Pune,2025-03-14,Regular,Desktop
CUST00658,Bangalore,2025-09-02,Occassional,Mobile
CUST00659,Chennai,2025-03-18,Regular,Mobile
CUST00660,Delhi,2025-06-08,Regular,Mobile
CUST00661,Ahmedabad,2025-11-20,Regular,Desktop
CUST00662,Bangalore,2025-04-08,Regular,Mobile
CUST00663,Kolkata,2025-04-12,Regular,Tablet
CUST00664,Hyderabad,2025-05-12,Regular,Mobile
CUST00665,Mumbai,2025-04-12,Regular,Mobile
CUST00666,Kolkata,2025-01-19,Regular,Mobile
CUST00667,Hyderabad,2025-03-23,Regular,Desktop
CUST00668,Chennai,2025-10-06,Occassional,Desktop
CUST00669,Kolkata,2025-12-05,Premium,Mobile
CUST00670,Pune,2025-12-31,Occassional,Desktop
CUST00671,Mumbai,2025-11-27,Occassional,Mobile
CUST00672,Hyderabad,2025-05-09,Occassional,Desktop
CUST00673,Hyderabad,2025-12-10,Regular,Desktop
CUST00674,Hyderabad,2025-11-06,Regular,Mobile
CUST00675,Chennai,2025-03-30,Occassional,Mobile
CUST00676,Kolkata,2025-08-01,Regular,Tablet
CUST00677,Chennai,2025-05-23,Regular,Desktop
CUST00678,Ahmedabad,2025-03-06,Regular,Mobile
CUST00679,Delhi,2025-03-17,Regular,Mobile
CUST00680,Delhi,2025-07-18,Regular,Mobile
CUST00681,Ahmedabad,2025-05-23,Regular,Mobile
CUST00682,Kolkata,2025-11-12,Occassional,Desktop
CUST00683,Pune,2025-04-03,Premium,Desktop
CUST00684,Chennai,2025-11-01,Occassional,Mobile
CUST00685,Mumbai,2025-08-12,Premium,Mobile
CUST00686,Hyderabad,2025-10-18,Regular,Mobile
CUST00687,Hyderabad,2025-04-12,Premium,Mobile
CUST00688,Kolkata,2025-09-24,Premium,Mobile
CUST00689,Pune,2025-12-21,Occassional,Mobile
CUST00690,Delhi,2025-04-20,Regular,Mobile
CUST00691,Delhi,2025-11-26,Regular,Mobile
CUST00692,Hyderabad,2025-09-22,Regular,Mobile
CUST00693,Kolkata,2025-01-03,Regular,Mobile
CUST00694,Chennai,2025-03-26,Regular,Mobile
CUST00695,Delhi,2025-10-09,Regular,Mobile
CUST00696,Chennai,2025-11-24,Regular,Mobile
CUST00697,Pune,2025-10-31,Occassional,Mobile
CUST00698,Delhi,2025-04-27,Regular,Mobile
CUST00699,Delhi,2025-08-09,Regular,Desktop
CUST00700,Bangalore,2025-06-03,Regular,Tablet
CUST00701,Delhi,2025-06-02,Occassional,Desktop
CUST00702,Ahmedabad,2025-01-12,Regular,Mobile
CUST00703,Mumbai,2025-05-13,Regular,Desktop
CUST00704,Ahmedabad,2025-10-31,Regular,Desktop
CUST00705,Kolkata,2025-10-20,Occassional,Mobile
CUST00706,Kolkata,2025-10-27,Regular,Mobile
CUST00707,Chennai,2025-08-16,Occassional,Desktop
CUST00708,Ahmedabad,2025-09-28,Regular,Mobile
CUST00709,Ahmedabad,2025-02-12,Regular,Mobile
CUST00710,Ahmedabad,2025-12-09,Occassional,Desktop
CUST00711,Pune,2025-11-22,Regular,Desktop
CUST00712,Delhi,2025-10-29,Occassional,Mobile
CUST00713,Mumbai,2025-12-30,Occassional,Mobile
CUST00714,Chennai,2025-01-21,Occassional,Mobile
CUST00715,Ahmedabad,2025-04-17,Premium,Desktop
CUST00716,Ahmedabad,2025-12-02,Occassional,Mobile
CUST00717,Bangalore,2025-10-30,Regular,Mobile
CUST00718,Chennai,2025-04-27,Occassional,Desktop
CUST00719,Ahmedabad,2025-05-04,Regular,Mobile
CUST00720,Chennai,2025-10-08,Occassional,Desktop
CUST00721,Delhi,2025-10-19,Regular,Mobile
CUST00722,Bangalore,2025-07-22,Regular,Mobile
CUST00723,Chennai,2025-02-20,Premium,Desktop
CUST00724,Mumbai,2025-09-28,Occassional,Mobile
CUST00725,Mumbai,2025-11-20,Regular,Mobile
CUST00726,Kolkata,2025-10-04,Regular,Mobile
CUST00727,Bangalore,2025-05-21,Occassional,Desktop
CUST00728,Bangalore,2025-10-02,Regular,Tablet
CUST00729,Kolkata,2025-10-17,Regular,Tablet
CUST00730,Chennai,2025-11-30,Regular,Mobile
CUST00731,Bangalore,2025-02-21,Regular,Mobile
CUST00732,Mumbai,2025-01-27,Regular,Mobile
CUST00733,Mumbai,2025-06-06,Premium,Desktop
CUST00734,Ahmedabad,2025-08-27,Regular,Mobile
CUST00735,Delhi,2025-06-05,Regular,Tablet
CUST00736,Bangalore,2025-10-18,Regular,Mobile
CUST00737,Chennai,2025-05-16,Premium,Tablet
CUST00738,Kolkata,2025-05-24,Regular,Desktop
CUST00739,Kolkata,2025-04-16,Occassional,Desktop
CUST00740,Chennai,2025-06-07,Premium,Mobile
CUST00741,Pune,2025-05-26,Regular,Mobile
CUST00742,Hyderabad,2025-01-02,Occassional,Mobile
CUST00743,Delhi,2025-03-18,Occassional,Mobile
CUST00744,Kolkata,2025-05-12,Regular,Mobile
CUST00745,Bangalore,2025-03-31,Regular,Mobile
CUST00746,Delhi,2025-12-11,Occassional,Mobile
CUST00747,Bangalore,2025-12-16,Regular,Desktop
CUST00748,Pune,2025-09-20,Occassional,Desktop
CUST00749,Mumbai,2025-12-17,Premium,Mobile
CUST00750,Delhi,2025-04-18,Occassional,Tablet
CUST00751,Ahmedabad,2025-03-15,Regular,Mobile
CUST00752,Kolkata,2025-02-08,Regular,Mobile
CUST00753,Delhi,2025-06-08,Regular,Mobile
CUST00754,Delhi,2025-03-12,Regular,Desktop
CUST00755,Delhi,2025-11-08,Premium,Mobile
CUST00756,Hyderabad,2025-08-29,Occassional,Mobile
CUST00757,Delhi,2025-10-25,Occassional,Desktop
CUST00758,Bangalore,2025-02-05,Regular,Mobile
CUST00759,Mumbai,2025-03-25,Occassional,Desktop
CUST00760,Pune,2025-09-20,Occassional,Tablet
CUST00761,Chennai,2025-11-06,Regular,Tablet
CUST00762,Delhi,2025-06-21,Regular,Mobile
CUST00763,Kolkata,2025-06-22,Regular,Mobile
CUST00764,Delhi,2025-12-28,Regular,Mobile
CUST00765,Kolkata,2025-02-16,Regular,Mobile
CUST00766,Bangalore,2025-05-21,Occassional,Mobile
CUST00767,Kolkata,2025-04-28,Premium,Mobile
CUST00768,Ahmedabad,2025-10-04,Occassional,Tablet
CUST00769,Chennai,2025-08-02,Regular,Tablet
CUST00770,Mumbai,2025-08-08,Regular,Mobile
CUST00771,Kolkata,2025-01-26,Occassional,Mobile
CUST00772,Kolkata,2025-01-09,Occassional,Mobile
CUST00773,Mumbai,2025-09-28,Regular,Mobile
CUST00774,Chennai,2025-01-10,Regular,Desktop
CUST00775,Delhi,2025-05-01,Regular,Desktop
CUST00776,Kolkata,2025-05-05,Premium,Desktop
CUST00777,Mumbai,2025-06-19,Regular,Desktop
CUST00778,Ahmedabad,2025-03-13,Regular,Mobile
CUST00779,Ahmedabad,2025-06-01,Regular,Desktop
CUST00780,Bangalore,2025-07-27,Regular,Mobile
CUST00781,Mumbai,2025-02-18,Regular,Mobile
CUST00782,Bangalore,2025-06-03,Regular,Mobile
CUST00783,Ahmedabad,2025-12-13,Regular,Mobile
CUST00784,Chennai,2025-10-20,Regular,Mobile
CUST00785,Delhi,2025-03-09,Occassional,Mobile
CUST00786,Mumbai,2025-02-19,Regular,Tablet
CUST00787,Pune,2025-06-01,Occassional,Mobile
CUST00788,Ahmedabad,2025-01-19,Regular,Mobile
CUST00789,Ahmedabad,2025-04-10,Regular,Mobile
CUST00790,Pune,2025-03-01,Regular,Desktop
CUST00791,Hyderabad,2025-06-16,Regular,Mobile
CUST00792,Ahmedabad,2025-07-21,Regular,Tablet
CUST00793,Kolkata,2025-12-11,Occassional,Desktop
CUST00794,Chennai,2025-05-26,Premium,Mobile
CUST00795,Mumbai,2025-06-13,Regular,Desktop
CUST00796,Pune,2025-08-30,Regular,Mobile
CUST00797,Kolkata,2025-03-10,Premium,Mobile
CUST00798,Pune,2025-06-24,Regular,Desktop
CUST00799,Mumbai,2025-02-18,Regular,Mobile
CUST00800,Bangalore,2025-04-18,Regular,Mobile
CUST00801,Mumbai,2025-08-14,Regular,Mobile
CUST00802,Hyderabad,2025-06-10,Regular,Mobile
CUST00803,Mumbai,2025-04-29,Regular,Tablet
CUST00804,Mumbai,2025-05-29,Regular,Mobile
CUST00805,Hyderabad,2025-05-30,Regular,Desktop
CUST00806,Chennai,2025-10-20,Occassional,Mobile
CUST00807,Ahmedabad,2025-05-23,Regular,Desktop
CUST00808,Mumbai,2025-06-09,Occassional,Mobile
CUST00809,Hyderabad,2025-01-11,Occassional,Mobile
CUST00810,Kolkata,2025-05-18,Regular,Desktop
CUST00811,Bangalore,2025-03-19,Regular,Mobile
CUST00812,Bangalore,2025-03-18,Occassional,Mobile
CUST00813,Mumbai,2025-09-11,Regular,Mobile
CUST00814,Chennai,2025-09-15,Regular,Desktop
CUST00815,Chennai,2025-11-16,Regular,Mobile
CUST00816,Kolkata,2025-10-18,Regular,Tablet
CUST00817,Mumbai,2025-09-20,Premium,Mobile
CUST00818,Bangalore,2025-03-26,Occassional,Mobile
CUST00819,Chennai,2025-05-26,Regular,Desktop
CUST00820,Mumbai,2025-11-19,Regular,Desktop
CUST00821,Pune,2025-02-11,Occassional,Desktop
CUST00822,Chennai,2025-05-05,Regular,Tablet
CUST00823,Hyderabad,2025-06-16,Occassional,Mobile
CUST00824,Pune,2025-08-29,Regular,Mobile
CUST00825,Ahmedabad,2025-10-07,Premium,Mobile
CUST00826,Chennai,2025-07-07,Occassional,Desktop
CUST00827,Bangalore,2025-10-29,Regular,Desktop
CUST00828,Delhi,2025-01-19,Occassional,Mobile
CUST00829,Pune,2025-03-09,Occassional,Mobile
CUST00830,Ahmedabad,2025-08-06,Occassional,Mobile
CUST00831,Kolkata,2025-04-12,Regular,Desktop
CUST00832,Kolkata,2025-02-11,Occassional,Mobile
CUST00833,Bangalore,2025-10-15,Regular,Mobile
CUST00834,Chennai,2025-06-16,Regular,Mobile
CUST00835,Mumbai,2025-04-19,Occassional,Desktop
CUST00836,Chennai,2025-02-05,Regular,Desktop
CUST00837,Bangalore,2025-08-20,Regular,Desktop
CUST00838,Kolkata,2025-08-17,Occassional,Mobile
CUST00839,Chennai,2025-12-19,Regular,Mobile
CUST00840,Kolkata,2025-06-13,Regular,Desktop
CUST00841,Pune,2025-03-14,Occassional,Tablet
CUST00842,Ahmedabad,2025-05-16,Regular,Mobile
CUST00843,Mumbai,2025-12-19,Occassional,Mobile
CUST00844,Pune,2025-03-11,Regular,Mobile
CUST00845,Kolkata,2025-07-15,Premium,Mobile
CUST00846,Kolkata,2025-09-26,Regular,Desktop
CUST00847,Delhi,2025-02-18,Regular,Mobile
CUST00848,Delhi,2025-11-12,Regular,Mobile
CUST00849,Pune,2025-05-10,Occassional,Mobile
CUST00850,Hyderabad,2025-01-05,Regular,Mobile
CUST00851,Pune,2025-01-27,Regular,Mobile
CUST00852,Delhi,2025-06-09,Premium,Mobile
CUST00853,Kolkata,2025-05-29,Regular,Mobile
CUST00854,Bangalore,2025-09-21,Regular,Desktop
CUST00855,Pune,2025-08-18,Premium,Mobile
CUST00856,Kolkata,2025-07-19,Regular,Mobile
CUST00857,Bangalore,2025-02-19,Regular,Tablet
CUST00858,Bangalore,2025-03-08,Premium,Desktop
CUST00859,Delhi,2025-10-27,Regular,Desktop
CUST00860,Pune,2025-02-27,Regular,Mobile
CUST00861,Chennai,2025-09-16,Regular,Mobile
CUST00862,Mumbai,2025-12-08,Occassional,Mobile
CUST00863,Delhi,2025-11-22,Regular,Mobile
CUST00864,Delhi,2025-05-10,Occassional,Mobile
CUST00865,Chennai,2025-08-03,Regular,Tablet
CUST00866,Mumbai,2025-06-21,Regular,Mobile
CUST00867,Kolkata,2025-09-15,Occassional,Mobile
CUST00868,Hyderabad,2025-04-12,Regular,Mobile
CUST00869,Pune,2025-07-28,Occassional,Mobile
CUST00870,Hyderabad,2025-10-18,Premium,Desktop
CUST00871,Kolkata,2025-12-20,Regular,Mobile
CUST00872,Ahmedabad,2025-10-13,Premium,Desktop
CUST00873,Delhi,2025-04-26,Regular,Tablet
CUST00874,Mumbai,2025-09-21,Regular,Mobile
CUST00875,Delhi,2025-05-30,Regular,Mobile
CUST00876,Bangalore,2025-10-27,Regular,Tablet
CUST00877,Delhi,2025-02-05,Regular,Desktop
CUST00878,Delhi,2025-11-29,Premium,Mobile
CUST00879,Kolkata,2025-10-14,Regular,Tablet
CUST00880,Kolkata,2025-10-30,Occassional,Mobile
CUST00881,Kolkata,2025-11-07,Regular,Tablet
CUST00882,Hyderabad,2025-07-27,Occassional,Mobile
CUST00883,Bangalore,2025-04-16,Occassional,Mobile
CUST00884,Ahmedabad,2025-06-07,Regular,Desktop
CUST00885,Ahmedabad,2025-05-01,Regular,Mobile
CUST00886,Kolkata,2025-02-24,Premium,Mobile
CUST00887,Mumbai,2025-01-12,Premium,Mobile
CUST00888,Hyderabad,2025-05-25,Premium,Tablet
CUST00889,Chennai,2025-05-16,Regular,Desktop
CUST00890,Mumbai,2025-01-03,Regular,Desktop
CUST00891,Pune,2025-05-24,Regular,Mobile
CUST00892,Pune,2025-01-30,Regular,Desktop
CUST00893,Mumbai,2025-08-25,Regular,Mobile
CUST00894,Kolkata,2025-10-06,Regular,Mobile
CUST00895,Chennai,2025-12-14,Occassional,Desktop
CUST00896,Chennai,2025-04-25,Premium,Mobile
CUST00897,Hyderabad,2025-04-14,Regular,Mobile
CUST00898,Chennai,2025-04-28,Regular,Mobile
CUST00899,Pune,2025-01-05,Regular,Mobile
CUST00900,Bangalore,2025-12-26,Regular,Desktop
CUST00901,Kolkata,2025-09-05,Regular,Mobile
CUST00902,Chennai,2025-12-30,Regular,Desktop
CUST00903,Hyderabad,2025-11-17,Regular,Mobile
CUST00904,Pune,2025-05-01,Regular,Mobile
CUST00905,Bangalore,2025-10-13,Regular,Mobile
CUST00906,Delhi,2025-05-29,Regular,Desktop
CUST00907,Delhi,2025-03-25,Occassional,Desktop
CUST00908,Bangalore,2025-08-19,Occassional,Tablet
CUST00909,Pune,2025-10-15,Regular,Desktop
CUST00910,Hyderabad,2025-06-10,Occassional,Mobile
CUST00911,Bangalore,2025-09-29,Regular,Desktop
CUST00912,Kolkata,2025-02-07,Regular,Tablet
CUST00913,Kolkata,2025-08-14,Regular,Desktop
CUST00914,Delhi,2025-05-22,Regular,Mobile
CUST00915,Chennai,2025-10-19,Regular,Mobile
CUST00916,Hyderabad,2025-05-31,Regular,Desktop
CUST00917,Delhi,2025-04-24,Regular,Desktop
CUST00918,Chennai,2025-08-25,Occassional,Mobile
CUST00919,Chennai,2025-03-07,Occassional,Desktop
CUST00920,Ahmedabad,2025-12-27,Regular,Tablet
CUST00921,Kolkata,2025-12-07,Regular,Mobile
CUST00922,Pune,2025-09-15,Regular,Desktop
CUST00923,Mumbai,2025-09-06,Regular,Mobile
CUST00924,Pune,2025-11-27,Premium,Mobile
CUST00925,Mumbai,2025-11-19,Regular,Mobile
CUST00926,Bangalore,2025-06-29,Regular,Mobile
CUST00927,Kolkata,2025-07-09,Occassional,Desktop
CUST00928,Chennai,2025-06-03,Regular,Mobile
CUST00929,Hyderabad,2025-07-15,Regular,Mobile
CUST00930,Mumbai,2025-11-07,Regular,Mobile
CUST00931,Pune,2025-09-19,Regular,Mobile
CUST00932,Chennai,2025-05-23,Regular,Mobile
CUST00933,Mumbai,2025-12-08,Regular,Desktop
CUST00934,Mumbai,2025-11-12,Regular,Mobile
CUST00935,Ahmedabad,2025-04-11,Occassional,Desktop
CUST00936,Mumbai,2025-09-01,Regular,Desktop
CUST00937,Hyderabad,2025-01-12,Regular,Mobile
CUST00938,Kolkata,2025-08-27,Regular,Desktop
CUST00939,Hyderabad,2025-02-18,Occassional,Mobile
CUST00940,Delhi,2025-02-11,Premium,Mobile
CUST00941,Chennai,2025-06-15,Occassional,Mobile
CUST00942,Kolkata,2025-03-23,Occassional,Mobile
CUST00943,Ahmedabad,2025-10-18,Regular,Mobile
CUST00944,Kolkata,2025-06-07,Occassional,Desktop
CUST00945,Kolkata,2025-08-04,Occassional,Mobile
CUST00946,Pune,2025-06-07,Occassional,Desktop
CUST00947,Kolkata,2025-05-14,Regular,Mobile
CUST00948,Ahmedabad,2025-03-08,Regular,Desktop
CUST00949,Hyderabad,2025-12-02,Regular,Mobile
CUST00950,Kolkata,2025-01-07,Regular,Mobile
CUST00951,Bangalore,2025-01-14,Regular,Mobile
CUST00952,Chennai,2025-03-14,Regular,Mobile
CUST00953,Kolkata,2025-06-12,Occassional,Mobile
CUST00954,Chennai,2025-03-07,Occassional,Desktop
CUST00955,Bangalore,2025-12-13,Regular,Mobile
CUST00956,Bangalore,2025-05-10,Occassional,Desktop
CUST00957,Chennai,2025-07-25,Occassional,Desktop
CUST00958,Mumbai,2025-10-03,Regular,Desktop
CUST00959,Delhi,2025-09-13,Regular,Mobile
CUST00960,Pune,2025-09-23,Regular,Mobile
CUST00961,Mumbai,2025-01-25,Regular,Tablet
CUST00962,Mumbai,2025-10-08,Regular,Desktop
CUST00963,Hyderabad,2025-09-10,Regular,Mobile
CUST00964,Pune,2025-11-06,Premium,Mobile
CUST00965,Pune,2025-10-16,Regular,Mobile
CUST00966,Mumbai,2025-06-13,Occassional,Mobile
CUST00967,Kolkata,2025-04-05,Regular,Desktop
CUST00968,Hyderabad,2025-09-27,Occassional,Mobile
CUST00969,Hyderabad,2025-11-17,Occassional,Mobile
CUST00970,Bangalore,2025-04-20,Occassional,Mobile
CUST00971,Ahmedabad,2025-12-02,Occassional,Mobile
CUST00972,Pune,2025-11-06,Occassional,Desktop
CUST00973,Mumbai,2025-08-26,Regular,Desktop
CUST00974,Bangalore,2025-01-25,Premium,Mobile
CUST00975,Chennai,2025-05-21,Regular,Desktop
CUST00976,Delhi,2025-04-27,Regular,Mobile
CUST00977,Ahmedabad,2025-01-25,Regular,Mobile
CUST00978,Ahmedabad,2025-03-20,Regular,Mobile
CUST00979,Ahmedabad,2025-03-09,Occassional,Mobile
CUST00980,Hyderabad,2025-06-22,Occassional,Mobile
CUST00981,Chennai,2025-01-12,Occassional,Mobile
CUST00982,Ahmedabad,2025-10-15,Regular,Desktop
CUST00983,Chennai,2025-05-08,Premium,Mobile
CUST00984,Kolkata,2025-04-06,Premium,Desktop
CUST00985,Ahmedabad,2025-04-02,Regular,Mobile
CUST00986,Delhi,2025-05-21,Premium,Tablet
CUST00987,Chennai,2025-01-31,Premium,Desktop
CUST00988,Chennai,2025-11-30,Occassional,Mobile
CUST00989,Delhi,2025-01-20,Regular,Desktop
CUST00990,Ahmedabad,2025-05-26,Regular,Mobile
CUST00991,Delhi,2025-11-12,Premium,Desktop
CUST00992,Chennai,2025-06-09,Regular,Mobile
CUST00993,Delhi,2025-12-15,Premium,Desktop
CUST00994,Chennai,2025-02-12,Occassional,Desktop
CUST00995,Chennai,2025-09-11,Regular,Mobile
CUST00996,Kolkata,2025-05-10,Regular,Mobile
CUST00997,Mumbai,2025-03-01,Regular,Desktop
CUST00998,Chennai,2025-05-31,Premium,Mobile
CUST00999,Ahmedabad,2025-10-14,Regular,Mobile
CUST01000,Bangalore,2025-01-05,Regular,Mobile
CUST01001,Hyderabad,2025-09-23,Regular,Mobile
CUST01002,Pune,2025-12-11,Premium,Tablet
CUST01003,Mumbai,2025-05-10,Regular,Mobile
CUST01004,Mumbai,2025-09-24,Regular,Mobile
CUST01005,Mumbai,2025-06-27,Occassional,Desktop
CUST01006,Kolkata,2025-09-10,Regular,Desktop
CUST01007,Chennai,2025-02-25,Regular,Mobile
CUST01008,Kolkata,2025-03-24,Regular,Mobile
CUST01009,Chennai,2025-04-09,Regular,Tablet
CUST01010,Ahmedabad,2025-05-29,Regular,Desktop
CUST01011,Kolkata,2025-11-25,Regular,Mobile
CUST01012,Kolkata,2025-06-05,Regular,Mobile
CUST01013,Hyderabad,2025-07-09,Occassional,Mobile
CUST01014,Bangalore,2025-09-20,Regular,Mobile
CUST01015,Kolkata,2025-03-21,Occassional,Mobile
CUST01016,Hyderabad,2025-09-09,Regular,Desktop
CUST01017,Delhi,2025-04-07,Occassional,Mobile
CUST01018,Bangalore,2025-09-17,Occassional,Desktop
CUST01019,Ahmedabad,2025-09-17,Regular,Mobile
CUST01020,Kolkata,2025-04-13,Occassional,Desktop
CUST01021,Pune,2025-02-09,Premium,Desktop
CUST01022,Mumbai,2025-09-30,Occassional,Mobile
CUST01023,Delhi,2025-04-11,Regular,Mobile
CUST01024,Delhi,2025-12-25,Premium,Mobile
CUST01025,Ahmedabad,2025-11-04,Regular,Desktop
CUST01026,Hyderabad,2025-08-09,Occassional,Desktop
CUST01027,Delhi,2025-11-04,Premium,Mobile
CUST01028,Bangalore,2025-05-04,Regular,Mobile
CUST01029,Kolkata,2025-08-19,Regular,Mobile
CUST01030,Kolkata,2025-06-27,Occassional,Desktop
CUST01031,Pune,2025-03-04,Regular,Mobile
CUST01032,Ahmedabad,2025-04-26,Regular,Mobile
CUST01033,Mumbai,2025-07-10,Premium,Mobile
CUST01034,Hyderabad,2025-03-03,Regular,Mobile
CUST01035,Mumbai,2025-09-13,Regular,Desktop
CUST01036,Delhi,2025-01-07,Occassional,Mobile
CUST01037,Ahmedabad,2025-06-04,Premium,Desktop
CUST01038,Pune,2025-04-02,Regular,Mobile
CUST01039,Mumbai,2025-01-14,Premium,Mobile
CUST01040,Bangalore,2025-08-17,Regular,Desktop
CUST01041,Kolkata,2025-03-27,Regular,Tablet
CUST01042,Delhi,2025-05-13,Regular,Desktop
CUST01043,Pune,2025-07-02,Regular,Mobile
CUST01044,Mumbai,2025-03-03,Occassional,Mobile
CUST01045,Hyderabad,2025-08-07,Regular,Desktop
CUST01046,Bangalore,2025-09-03,Occassional,Mobile
CUST01047,Bangalore,2025-08-18,Occassional,Mobile
CUST01048,Mumbai,2025-03-20,Regular,Desktop
CUST01049,Kolkata,2025-05-29,Occassional,Desktop
CUST01050,Mumbai,2025-05-18,Regular,Tablet
CUST01051,Delhi,2025-11-10,Premium,Tablet
CUST01052,Mumbai,2025-03-06,Regular,Desktop
CUST01053,Bangalore,2025-01-13,Premium,Mobile
CUST01054,Pune,2025-08-01,Regular,Mobile
CUST01055,Mumbai,2025-08-30,Regular,Mobile
CUST01056,Kolkata,2025-08-01,Premium,Mobile
CUST01057,Ahmedabad,2025-06-30,Regular,Mobile
CUST01058,Pune,2025-12-04,Occassional,Mobile
CUST01059,Hyderabad,2025-06-22,Regular,Mobile
CUST01060,Chennai,2025-06-09,Regular,Mobile
CUST01061,Mumbai,2025-06-13,Regular,Mobile
CUST01062,Kolkata,2025-07-07,Regular,Mobile
CUST01063,Pune,2025-07-10,Regular,Mobile
CUST01064,Kolkata,2025-11-04,Occassional,Desktop
CUST01065,Hyderabad,2025-09-13,Regular,Mobile
CUST01066,Bangalore,2025-07-02,Regular,Mobile
CUST01067,Kolkata,2025-04-27,Occassional,Desktop
CUST01068,Pune,2025-10-09,Occassional,Mobile
CUST01069,Kolkata,2025-07-15,Premium,Mobile
CUST01070,Kolkata,2025-02-03,Regular,Mobile
CUST01071,Kolkata,2025-02-21,Regular,Mobile
CUST01072,Delhi,2025-04-22,Regular,Tablet
CUST01073,Delhi,2025-09-09,Regular,Mobile
CUST01074,Bangalore,2025-03-23,Regular,Desktop
CUST01075,Mumbai,2025-08-20,Occassional,Mobile
CUST01076,Kolkata,2025-08-15,Occassional,Mobile
CUST01077,Hyderabad,2025-08-21,Premium,Mobile
CUST01078,Mumbai,2025-08-09,Regular,Mobile
CUST01079,Hyderabad,2025-02-11,Regular,Mobile
CUST01080,Mumbai,2025-01-21,Regular,Mobile
CUST01081,Bangalore,2025-02-11,Regular,Mobile
CUST01082,Kolkata,2025-04-23,Occassional,Desktop
CUST01083,Kolkata,2025-04-15,Regular,Mobile
CUST01084,Chennai,2025-07-11,Regular,Desktop
CUST01085,Hyderabad,2025-01-17,Occassional,Desktop
CUST01086,Mumbai,2025-04-30,Regular,Mobile
CUST01087,Mumbai,2025-05-09,Regular,Mobile
CUST01088,Ahmedabad,2025-05-10,Regular,Mobile
CUST01089,Ahmedabad,2025-03-01,Premium,Desktop
CUST01090,Delhi,2025-02-17,Occassional,Mobile
CUST01091,Chennai,2025-01-29,Premium,Desktop
CUST01092,Pune,2025-04-07,Regular,Mobile
CUST01093,Ahmedabad,2025-01-10,Regular,Desktop
CUST01094,Pune,2025-08-30,Occassional,Mobile
CUST01095,Delhi,2025-11-10,Regular,Desktop
CUST01096,Delhi,2025-08-20,Premium,Mobile
CUST01097,Delhi,2025-10-04,Premium,Mobile
CUST01098,Hyderabad,2025-10-11,Regular,Mobile
CUST01099,Hyderabad,2025-07-22,Regular,Mobile
CUST01100,Bangalore,2025-09-04,Regular,Tablet
CUST01101,Bangalore,2025-10-17,Regular,Mobile
CUST01102,Delhi,2025-09-21,Premium,Mobile
CUST01103,Chennai,2025-08-02,Occassional,Mobile
CUST01104,Mumbai,2025-07-19,Regular,Mobile
CUST01105,Hyderabad,2025-03-20,Regular,Mobile
CUST01106,Chennai,2025-12-09,Regular,Desktop
CUST01107,Kolkata,2025-12-10,Occassional,Mobile
CUST01108,Hyderabad,2025-06-22,Regular,Tablet
CUST01109,Hyderabad,2025-03-10,Occassional,Mobile
CUST01110,Bangalore,2025-03-28,Occassional,Mobile
CUST01111,Mumbai,2025-04-11,Premium,Desktop
CUST01112,Mumbai,2025-01-08,Occassional,Desktop
CUST01113,Ahmedabad,2025-11-29,Regular,Mobile
CUST01114,Pune,2025-07-19,Premium,Desktop
CUST01115,Pune,2025-03-28,Occassional,Mobile
CUST01116,Pune,2025-02-12,Regular,Mobile
CUST01117,Pune,2025-04-19,Regular,Desktop
CUST01118,Kolkata,2025-06-01,Regular,Mobile
CUST01119,Kolkata,2025-01-17,Regular,Mobile
CUST01120,Hyderabad,2025-05-13,Occassional,Desktop
CUST01121,Delhi,2025-05-28,Regular,Tablet
CUST01122,Bangalore,2025-10-04,Regular,Mobile
CUST01123,Bangalore,2025-08-20,Premium,Mobile
CUST01124,Pune,2025-11-10,Regular,Mobile
CUST01125,Hyderabad,2025-08-16,Occassional,Tablet
CUST01126,Ahmedabad,2025-05-19,Regular,Desktop
CUST01127,Chennai,2025-07-30,Occassional,Mobile
CUST01128,Delhi,2025-01-28,Regular,Mobile
CUST01129,Hyderabad,2025-02-20,Regular,Mobile
CUST01130,Delhi,2025-09-18,Regular,Desktop
CUST01131,Delhi,2025-09-18,Regular,Desktop
CUST01132,Delhi,2025-12-16,Regular,Desktop
CUST01133,Hyderabad,2025-12-18,Regular,Tablet
CUST01134,Pune,2025-01-08,Regular,Mobile
CUST01135,Bangalore,2025-11-16,Occassional,Mobile
CUST01136,Bangalore,2025-05-18,Regular,Mobile
CUST01137,Pune,2025-02-07,Regular,Mobile
CUST01138,Delhi,2025-04-21,Premium,Mobile
CUST01139,Chennai,2025-08-08,Premium,Mobile
CUST01140,Mumbai,2025-12-03,Regular,Desktop
CUST01141,Hyderabad,2025-08-11,Occassional,Desktop
CUST01142,Mumbai,2025-05-16,Occassional,Mobile
CUST01143,Ahmedabad,2025-09-13,Premium,Mobile
CUST01144,Pune,2025-12-26,Regular,Mobile
CUST01145,Chennai,2025-11-25,Regular,Desktop
CUST01146,Hyderabad,2025-02-18,Regular,Desktop
CUST01147,Pune,2025-10-19,Regular,Mobile
CUST01148,Delhi,2025-11-20,Regular,Mobile
CUST01149,Bangalore,2025-03-19,Regular,Mobile
CUST01150,Mumbai,2025-04-15,Premium,Mobile
CUST01151,Kolkata,2025-06-18,Occassional,Mobile
CUST01152,Kolkata,2025-08-05,Premium,Desktop
CUST01153,Chennai,2025-04-29,Regular,Desktop
CUST01154,Delhi,2025-07-09,Regular,Mobile
CUST01155,Ahmedabad,2025-09-12,Regular,Desktop
CUST01156,Mumbai,2025-09-23,Occassional,Tablet
CUST01157,Delhi,2025-05-29,Occassional,Mobile
CUST01158,Mumbai,2025-06-13,Occassional,Mobile
CUST01159,Chennai,2025-05-20,Regular,Tablet
CUST01160,Chennai,2025-12-13,Regular,Mobile
CUST01161,Ahmedabad,2025-09-15,Regular,Tablet
CUST01162,Kolkata,2025-09-26,Occassional,Tablet
CUST01163,Delhi,2025-06-30,Regular,Desktop
CUST01164,Hyderabad,2025-06-09,Occassional,Desktop
CUST01165,Kolkata,2025-12-17,Occassional,Desktop
CUST01166,Delhi,2025-10-15,Regular,Desktop
CUST01167,Kolkata,2025-10-15,Regular,Mobile
CUST01168,Hyderabad,2025-08-14,Premium,Mobile
CUST01169,Bangalore,2025-01-11,Occassional,Mobile
CUST01170,Bangalore,2025-01-10,Regular,Desktop
CUST01171,Ahmedabad,2025-09-28,Occassional,Mobile
CUST01172,Bangalore,2025-09-30,Regular,Mobile
CUST01173,Bangalore,2025-07-02,Regular,Mobile
CUST01174,Pune,2025-06-02,Occassional,Desktop
CUST01175,Mumbai,2025-11-11,Regular,Tablet
CUST01176,Pune,2025-11-30,Regular,Tablet
CUST01177,Pune,2025-05-04,Regular,Mobile
CUST01178,Ahmedabad,2025-04-24,Regular,Desktop
CUST01179,Pune,2025-10-05,Occassional,Desktop
CUST01180,Bangalore,2025-08-01,Regular,Mobile
CUST01181,Hyderabad,2025-06-21,Occassional,Mobile
CUST01182,Ahmedabad,2025-10-15,Occassional,Mobile
CUST01183,Ahmedabad,2025-06-23,Regular,Tablet
CUST01184,Chennai,2025-04-23,Regular,Mobile
CUST01185,Ahmedabad,2025-05-02,Regular,Mobile
CUST01186,Chennai,2025-02-01,Regular,Desktop
CUST01187,Ahmedabad,2025-08-10,Occassional,Mobile
CUST01188,Mumbai,2025-04-29,Premium,Mobile
CUST01189,Bangalore,2025-02-08,Regular,Desktop
CUST01190,Ahmedabad,2025-09-25,Regular,Mobile
CUST01191,Bangalore,2025-08-21,Regular,Desktop
CUST01192,Bangalore,2025-01-18,Regular,Mobile
CUST01193,Kolkata,2025-05-29,Occassional,Desktop
CUST01194,Ahmedabad,2025-05-29,Regular,Desktop
CUST01195,Delhi,2025-05-06,Regular,Mobile
CUST01196,Kolkata,2025-10-29,Premium,Mobile
CUST01197,Delhi,2025-12-26,Regular,Desktop
CUST01198,Bangalore,2025-08-26,Regular,Desktop
CUST01199,Bangalore,2025-05-15,Regular,Desktop
CUST01200,Kolkata,2025-05-31,Regular,Desktop
CUST01201,Kolkata,2025-08-24,Regular,Mobile
CUST01202,Delhi,2025-08-12,Regular,Mobile
CUST01203,Chennai,2025-07-22,Regular,Tablet
CUST01204,Delhi,2025-09-13,Occassional,Mobile
CUST01205,Kolkata,2025-03-27,Occassional,Mobile
CUST01206,Hyderabad,2025-05-30,Regular,Mobile
CUST01207,Kolkata,2025-08-23,Occassional,Mobile
CUST01208,Hyderabad,2025-12-11,Occassional,Mobile
CUST01209,Mumbai,2025-01-22,Regular,Tablet
CUST01210,Kolkata,2025-12-14,Premium,Mobile
CUST01211,Mumbai,2025-10-12,Occassional,Mobile
CUST01212,Chennai,2025-09-26,Regular,Tablet
CUST01213,Delhi,2025-09-15,Regular,Tablet
CUST01214,Hyderabad,2025-01-29,Occassional,Mobile
CUST01215,Delhi,2025-08-01,Regular,Mobile
CUST01216,Mumbai,2025-10-10,Regular,Desktop
CUST01217,Hyderabad,2025-02-19,Occassional,Desktop
CUST01218,Delhi,2025-04-05,Regular,Desktop
CUST01219,Kolkata,2025-03-29,Regular,Desktop
CUST01220,Bangalore,2025-02-13,Regular,Desktop
CUST01221,Mumbai,2025-10-05,Regular,Mobile
CUST01222,Delhi,2025-06-20,Occassional,Desktop
CUST01223,Mumbai,2025-07-08,Premium,Mobile
CUST01224,Pune,2025-12-19,Regular,Desktop
CUST01225,Mumbai,2025-07-03,Regular,Desktop
CUST01226,Hyderabad,2025-01-03,Regular,Mobile
CUST01227,Pune,2025-07-10,Regular,Mobile
CUST01228,Ahmedabad,2025-04-28,Occassional,Mobile
CUST01229,Hyderabad,2025-01-19,Premium,Mobile
CUST01230,Bangalore,2025-01-23,Regular,Desktop
CUST01231,Pune,2025-01-30,Regular,Mobile
CUST01232,Ahmedabad,2025-10-22,Occassional,Desktop
CUST01233,Kolkata,2025-04-18,Occassional,Mobile
CUST01234,Mumbai,2025-10-08,Occassional,Desktop
CUST01235,Delhi,2025-05-08,Occassional,Desktop
CUST01236,Chennai,2025-08-17,Occassional,Desktop
CUST01237,Mumbai,2025-04-21,Regular,Mobile
CUST01238,Ahmedabad,2025-05-16,Regular,Tablet
CUST01239,Mumbai,2025-12-28,Regular,Mobile
CUST01240,Bangalore,2025-07-05,Occassional,Mobile
CUST01241,Kolkata,2025-05-24,Occassional,Mobile
CUST01242,Chennai,2025-03-13,Regular,Mobile
CUST01243,Pune,2025-05-09,Occassional,Tablet
CUST01244,Pune,2025-12-30,Regular,Mobile
CUST01245,Pune,2025-09-18,Regular,Desktop
CUST01246,Ahmedabad,2025-01-03,Regular,Desktop
CUST01247,Hyderabad,2025-04-14,Premium,Mobile
CUST01248,Hyderabad,2025-08-12,Regular,Desktop
CUST01249,Delhi,2025-11-16,Regular,Mobile
CUST01250,Chennai,2025-12-28,Regular,Mobile
CUST01251,Pune,2025-12-20,Regular,Mobile
CUST01252,Hyderabad,2025-01-10,Occassional,Tablet
CUST01253,Ahmedabad,2025-10-29,Occassional,Tablet
CUST01254,Delhi,2025-08-19,Occassional,Mobile
CUST01255,Kolkata,2025-08-07,Regular,Mobile
CUST01256,Delhi,2025-03-07,Regular,Desktop
CUST01257,Hyderabad,2025-04-22,Regular,Mobile
CUST01258,Bangalore,2025-01-13,Regular,Desktop
CUST01259,Ahmedabad,2025-03-27,Premium,Mobile
CUST01260,Bangalore,2025-08-22,Regular,Mobile
CUST01261,Pune,2025-03-31,Regular,Desktop
CUST01262,Bangalore,2025-11-10,Regular,Mobile
CUST01263,Pune,2025-02-23,Regular,Tablet
CUST01264,Pune,2025-01-12,Regular,Tablet
CUST01265,Hyderabad,2025-07-28,Premium,Mobile
CUST01266,Bangalore,2025-01-14,Regular,Mobile
CUST01267,Pune,2025-05-01,Regular,Tablet
CUST01268,Chennai,2025-01-20,Regular,Tablet
CUST01269,Kolkata,2025-03-16,Regular,Mobile
CUST01270,Delhi,2025-08-31,Regular,Desktop
CUST01271,Delhi,2025-08-11,Regular,Mobile
CUST01272,Hyderabad,2025-03-11,Regular,Mobile
CUST01273,Bangalore,2025-11-08,Regular,Desktop
CUST01274,Bangalore,2025-07-30,Regular,Mobile
CUST01275,Pune,2025-04-11,Occassional,Tablet
CUST01276,Ahmedabad,2025-07-05,Regular,Mobile
CUST01277,Mumbai,2025-05-12,Regular,Desktop
CUST01278,Pune,2025-04-21,Regular,Mobile
CUST01279,Kolkata,2025-05-12,Regular,Mobile
CUST01280,Chennai,2025-01-20,Regular,Desktop
CUST01281,Delhi,2025-01-24,Regular,Mobile
CUST01282,Pune,2025-08-15,Occassional,Mobile
CUST01283,Mumbai,2025-06-03,Regular,Mobile
CUST01284,Mumbai,2025-10-20,Premium,Mobile
CUST01285,Pune,2025-08-18,Regular,Desktop
CUST01286,Hyderabad,2025-11-06,Occassional,Mobile
CUST01287,Delhi,2025-12-25,Premium,Mobile
CUST01288,Hyderabad,2025-07-21,Occassional,Mobile
CUST01289,Chennai,2025-02-07,Regular,Mobile
CUST01290,Mumbai,2025-09-17,Occassional,Mobile
CUST01291,Mumbai,2025-07-07,Occassional,Mobile
CUST01292,Kolkata,2025-02-26,Regular,Mobile
CUST01293,Chennai,2025-01-20,Regular,Desktop
CUST01294,Mumbai,2025-09-30,Regular,Desktop
CUST01295,Chennai,2025-04-29,Regular,Mobile
CUST01296,Delhi,2025-03-12,Regular,Mobile
CUST01297,Bangalore,2025-01-04,Regular,Mobile
CUST01298,Mumbai,2025-08-09,Regular,Mobile
CUST01299,Kolkata,2025-01-14,Regular,Mobile
CUST01300,Delhi,2025-01-03,Occassional,Mobile
CUST01301,Pune,2025-08-04,Regular,Mobile
CUST01302,Chennai,2025-08-17,Premium,Mobile
CUST01303,Pune,2025-12-02,Premium,Mobile
CUST01304,Hyderabad,2025-07-05,Occassional,Mobile
CUST01305,Delhi,2025-02-24,Regular,Mobile
CUST01306,Pune,2025-09-11,Regular,Mobile
CUST01307,Ahmedabad,2025-01-24,Regular,Mobile
CUST01308,Ahmedabad,2025-06-11,Regular,Mobile
CUST01309,Mumbai,2025-06-07,Premium,Mobile
CUST01310,Chennai,2025-03-23,Occassional,Mobile
CUST01311,Bangalore,2025-06-08,Occassional,Mobile
CUST01312,Delhi,2025-07-07,Regular,Mobile
CUST01313,Mumbai,2025-03-01,Occassional,Mobile
CUST01314,Kolkata,2025-11-01,Regular,Mobile
CUST01315,Hyderabad,2025-11-15,Regular,Desktop
CUST01316,Chennai,2025-07-30,Occassional,Mobile
CUST01317,Delhi,2025-06-01,Regular,Mobile
CUST01318,Ahmedabad,2025-04-19,Occassional,Desktop
CUST01319,Delhi,2025-03-17,Regular,Mobile
CUST01320,Bangalore,2025-01-30,Regular,Mobile
CUST01321,Ahmedabad,2025-11-10,Premium,Desktop
CUST01322,Bangalore,2025-04-27,Regular,Desktop
CUST01323,Kolkata,2025-12-22,Regular,Mobile
CUST01324,Hyderabad,2025-07-11,Occassional,Mobile
CUST01325,Kolkata,2025-01-19,Regular,Mobile
CUST01326,Mumbai,2025-06-22,Occassional,Mobile
CUST01327,Mumbai,2025-08-16,Occassional,Mobile
CUST01328,Kolkata,2025-12-16,Regular,Mobile
CUST01329,Hyderabad,2025-07-02,Regular,Mobile
CUST01330,Kolkata,2025-04-23,Premium,Tablet
CUST01331,Hyderabad,2025-07-02,Regular,Tablet
CUST01332,Hyderabad,2025-05-26,Occassional,Mobile
CUST01333,Pune,2025-11-15,Premium,Desktop
CUST01334,Ahmedabad,2025-04-26,Regular,Mobile
CUST01335,Chennai,2025-04-23,Regular,Desktop
CUST01336,Hyderabad,2025-09-08,Regular,Mobile
CUST01337,Bangalore,2025-09-08,Regular,Mobile
CUST01338,Hyderabad,2025-10-30,Regular,Mobile
CUST01339,Hyderabad,2025-11-09,Premium,Mobile
CUST01340,Hyderabad,2025-04-28,Regular,Mobile
CUST01341,Pune,2025-10-28,Premium,Desktop
CUST01342,Ahmedabad,2025-06-10,Regular,Desktop
CUST01343,Pune,2025-07-17,Premium,Mobile
CUST01344,Mumbai,2025-09-17,Occassional,Mobile
CUST01345,Pune,2025-05-28,Regular,Mobile
CUST01346,Bangalore,2025-08-28,Regular,Desktop
CUST01347,Bangalore,2025-02-16,Regular,Tablet
CUST01348,Pune,2025-07-17,Regular,Tablet
CUST01349,Ahmedabad,2025-02-16,Occassional,Desktop
CUST01350,Kolkata,2025-03-19,Premium,Mobile
CUST01351,Chennai,2025-05-04,Regular,Mobile
CUST01352,Ahmedabad,2025-03-16,Occassional,Mobile
CUST01353,Pune,2025-12-25,Premium,Tablet
CUST01354,Hyderabad,2025-05-17,Premium,Mobile
CUST01355,Delhi,2025-03-31,Regular,Mobile
CUST01356,Chennai,2025-11-21,Premium,Desktop
CUST01357,Chennai,2025-03-02,Regular,Mobile
CUST01358,Bangalore,2025-05-18,Regular,Mobile
CUST01359,Chennai,2025-02-19,Occassional,Desktop
CUST01360,Pune,2025-09-16,Occassional,Mobile
CUST01361,Hyderabad,2025-04-17,Regular,Mobile
CUST01362,Hyderabad,2025-04-23,Regular,Desktop
CUST01363,Mumbai,2025-12-16,Occassional,Desktop
CUST01364,Hyderabad,2025-09-11,Regular,Tablet
CUST01365,Ahmedabad,2025-04-28,Occassional,Mobile
CUST01366,Hyderabad,2025-07-17,Occassional,Mobile
CUST01367,Bangalore,2025-12-03,Regular,Desktop
CUST01368,Hyderabad,2025-12-31,Regular,Mobile
CUST01369,Mumbai,2025-02-20,Regular,Mobile
CUST01370,Delhi,2025-09-02,Regular,Desktop
CUST01371,Pune,2025-02-04,Occassional,Mobile
CUST01372,Bangalore,2025-10-29,Premium,Mobile
CUST01373,Ahmedabad,2025-03-10,Occassional,Mobile
CUST01374,Delhi,2025-12-15,Regular,Mobile
CUST01375,Bangalore,2025-11-16,Premium,Mobile
CUST01376,Kolkata,2025-02-18,Premium,Mobile
CUST01377,Chennai,2025-03-15,Premium,Desktop
CUST01378,Kolkata,2025-07-11,Regular,Tablet
CUST01379,Hyderabad,2025-09-18,Regular,Mobile
CUST01380,Delhi,2025-12-22,Occassional,Mobile
CUST01381,Hyderabad,2025-03-11,Regular,Mobile
CUST01382,Chennai,2025-03-31,Premium,Mobile
CUST01383,Bangalore,2025-09-17,Regular,Desktop
CUST01384,Chennai,2025-05-06,Occassional,Desktop
CUST01385,Mumbai,2025-08-19,Regular,Desktop
CUST01386,Chennai,2025-10-22,Premium,Mobile
CUST01387,Mumbai,2025-05-09,Occassional,Mobile
CUST01388,Chennai,2025-10-07,Occassional,Mobile
CUST01389,Pune,2025-11-09,Regular,Mobile
CUST01390,Mumbai,2025-04-10,Premium,Desktop
CUST01391,Delhi,2025-11-22,Regular,Tablet
CUST01392,Hyderabad,2025-10-24,Regular,Mobile
CUST01393,Ahmedabad,2025-07-01,Occassional,Desktop
CUST01394,Hyderabad,2025-06-23,Regular,Mobile
CUST01395,Kolkata,2025-11-12,Occassional,Mobile
CUST01396,Hyderabad,2025-12-30,Regular,Mobile
CUST01397,Bangalore,2025-07-07,Regular,Mobile
CUST01398,Pune,2025-02-26,Premium,Mobile
CUST01399,Chennai,2025-01-31,Regular,Desktop
CUST01400,Kolkata,2025-03-25,Occassional,Desktop
CUST01401,Bangalore,2025-06-01,Occassional,Mobile
CUST01402,Bangalore,2025-02-05,Regular,Mobile
CUST01403,Mumbai,2025-08-01,Regular,Desktop
CUST01404,Hyderabad,2025-12-30,Premium,Desktop
CUST01405,Delhi,2025-04-16,Regular,Desktop
CUST01406,Ahmedabad,2025-12-08,Premium,Mobile
CUST01407,Delhi,2025-08-08,Regular,Tablet
CUST01408,Kolkata,2025-06-12,Regular,Mobile
CUST01409,Pune,2025-08-08,Occassional,Desktop
CUST01410,Delhi,2025-09-27,Regular,Mobile
CUST01411,Chennai,2025-04-30,Regular,Desktop
CUST01412,Delhi,2025-12-02,Regular,Mobile
CUST01413,Kolkata,2025-07-01,Regular,Mobile
CUST01414,Ahmedabad,2025-04-16,Regular,Mobile
CUST01415,Delhi,2025-08-05,Occassional,Mobile
CUST01416,Chennai,2025-07-24,Occassional,Desktop
CUST01417,Mumbai,2025-03-11,Regular,Desktop
CUST01418,Pune,2025-02-13,Regular,Tablet
CUST01419,Kolkata,2025-11-25,Regular,Mobile
CUST01420,Mumbai,2025-10-28,Occassional,Desktop
CUST01421,Mumbai,2025-08-16,Premium,Desktop
CUST01422,Mumbai,2025-07-03,Regular,Mobile
CUST01423,Bangalore,2025-04-17,Regular,Mobile
CUST01424,Pune,2025-03-25,Regular,Desktop
CUST01425,Ahmedabad,2025-12-04,Regular,Tablet
CUST01426,Hyderabad,2025-09-07,Occassional,Desktop
CUST01427,Pune,2025-12-29,Premium,Mobile
CUST01428,Bangalore,2025-01-21,Regular,Mobile
CUST01429,Hyderabad,2025-07-15,Regular,Mobile
CUST01430,Pune,2025-06-27,Occassional,Desktop
CUST01431,Mumbai,2025-01-07,Occassional,Desktop
CUST01432,Kolkata,2025-03-11,Regular,Mobile
CUST01433,Hyderabad,2025-05-07,Occassional,Desktop
CUST01434,Chennai,2025-06-09,Regular,Mobile
CUST01435,Chennai,2025-09-05,Regular,Tablet
CUST01436,Delhi,2025-07-22,Regular,Mobile
CUST01437,Hyderabad,2025-05-28,Regular,Mobile
CUST01438,Kolkata,2025-05-23,Regular,Mobile
CUST01439,Ahmedabad,2025-07-18,Regular,Mobile
CUST01440,Bangalore,2025-06-03,Premium,Mobile
CUST01441,Mumbai,2025-05-22,Occassional,Mobile
CUST01442,Delhi,2025-11-09,Regular,Mobile
CUST01443,Chennai,2025-06-14,Regular,Desktop
CUST01444,Bangalore,2025-11-10,Regular,Mobile
CUST01445,Bangalore,2025-01-21,Regular,Mobile
CUST01446,Mumbai,2025-03-23,Premium,Mobile
CUST01447,Ahmedabad,2025-03-10,Regular,Desktop
CUST01448,Ahmedabad,2025-05-11,Occassional,Mobile
CUST01449,Hyderabad,2025-03-28,Regular,Tablet
CUST01450,Chennai,2025-08-06,Regular,Desktop
CUST01451,Ahmedabad,2025-11-01,Occassional,Mobile
CUST01452,Kolkata,2025-12-11,Premium,Mobile
CUST01453,Ahmedabad,2025-12-07,Regular,Mobile
CUST01454,Bangalore,2025-06-10,Regular,Mobile
CUST01455,Mumbai,2025-06-27,Regular,Desktop
CUST01456,Kolkata,2025-04-27,Regular,Tablet
CUST01457,Hyderabad,2025-07-15,Premium,Mobile
CUST01458,Chennai,2025-11-23,Regular,Mobile
CUST01459,Hyderabad,2025-03-27,Premium,Desktop
CUST01460,Bangalore,2025-10-16,Occassional,Desktop
CUST01461,Kolkata,2025-03-22,Regular,Mobile
CUST01462,Kolkata,2025-06-01,Regular,Mobile
CUST01463,Kolkata,2025-03-02,Occassional,Mobile
CUST01464,Bangalore,2025-03-02,Regular,Desktop
CUST01465,Bangalore,2025-12-20,Premium,Mobile
CUST01466,Hyderabad,2025-01-28,Occassional,Mobile
CUST01467,Delhi,2025-02-12,Regular,Tablet
CUST01468,Hyderabad,2025-06-18,Premium,Desktop
CUST01469,Chennai,2025-03-27,Occassional,Desktop
CUST01470,Mumbai,2025-06-26,Regular,Mobile
CUST01471,Kolkata,2025-01-17,Regular,Mobile
CUST01472,Delhi,2025-04-08,Regular,Tablet
CUST01473,Mumbai,2025-07-17,Regular,Mobile
CUST01474,Delhi,2025-04-08,Regular,Mobile
CUST01475,Ahmedabad,2025-03-06,Occassional,Mobile
CUST01476,Ahmedabad,2025-11-26,Regular,Mobile
CUST01477,Pune,2025-12-07,Occassional,Mobile
CUST01478,Ahmedabad,2025-01-05,Regular,Desktop
CUST01479,Hyderabad,2025-01-02,Occassional,Tablet
CUST01480,Ahmedabad,2025-01-22,Regular,Tablet
CUST01481,Bangalore,2025-04-22,Regular,Mobile
CUST01482,Kolkata,2025-02-26,Regular,Mobile
CUST01483,Hyderabad,2025-03-07,Regular,Mobile
CUST01484,Mumbai,2025-11-26,Regular,Desktop
CUST01485,Pune,2025-04-08,Occassional,Mobile
CUST01486,Pune,2025-05-24,Occassional,Desktop
CUST01487,Pune,2025-05-05,Regular,Desktop
CUST01488,Mumbai,2025-06-16,Premium,Mobile
CUST01489,Mumbai,2025-03-27,Regular,Mobile
CUST01490,Mumbai,2025-03-17,Regular,Tablet
CUST01491,Mumbai,2025-12-10,Regular,Tablet
CUST01492,Pune,2025-10-21,Occassional,Mobile
CUST01493,Pune,2025-02-28,Occassional,Mobile
CUST01494,Delhi,2025-05-18,Regular,Tablet
CUST01495,Hyderabad,2025-04-09,Regular,Mobile
CUST01496,Kolkata,2025-07-11,Regular,Mobile
CUST01497,Ahmedabad,2025-08-31,Regular,Mobile
CUST01498,Ahmedabad,2025-11-15,Regular,Mobile
CUST01499,Bangalore,2025-02-18,Premium,Mobile
CUST01500,Pune,2025-02-01,Occassional,Mobile
CUST01501,Bangalore,2025-10-04,Regular,Mobile
CUST01502,Hyderabad,2025-01-20,Regular,Mobile
CUST01503,Hyderabad,2025-06-03,Occassional,Tablet
CUST01504,Bangalore,2025-03-09,Occassional,Desktop
CUST01505,Pune,2025-08-02,Premium,Desktop
CUST01506,Bangalore,2025-05-23,Regular,Desktop
CUST01507,Ahmedabad,2025-08-20,Regular,Mobile
CUST01508,Delhi,2025-08-01,Occassional,Mobile
CUST01509,Ahmedabad,2025-03-20,Regular,Tablet
CUST01510,Chennai,2025-08-02,Regular,Mobile
CUST01511,Pune,2025-04-26,Regular,Mobile
CUST01512,Pune,2025-04-02,Occassional,Desktop
CUST01513,Kolkata,2025-09-27,Premium,Mobile
CUST01514,Mumbai,2025-06-17,Regular,Mobile
CUST01515,Chennai,2025-02-27,Regular,Tablet
CUST01516,Hyderabad,2025-10-11,Premium,Desktop
CUST01517,Pune,2025-01-26,Regular,Mobile
CUST01518,Bangalore,2025-03-07,Occassional,Tablet
CUST01519,Chennai,2025-09-05,Occassional,Desktop
CUST01520,Kolkata,2025-09-11,Regular,Desktop
CUST01521,Hyderabad,2025-02-13,Regular,Mobile
CUST01522,Mumbai,2025-04-07,Regular,Mobile
CUST01523,Mumbai,2025-02-11,Regular,Desktop
CUST01524,Kolkata,2025-08-15,Premium,Desktop
CUST01525,Kolkata,2025-09-19,Occassional,Desktop
CUST01526,Bangalore,2025-06-16,Regular,Mobile
CUST01527,Pune,2025-10-06,Regular,Mobile
CUST01528,Mumbai,2025-03-30,Premium,Desktop
CUST01529,Hyderabad,2025-06-27,Occassional,Mobile
CUST01530,Chennai,2025-07-16,Regular,Mobile
CUST01531,Hyderabad,2025-11-03,Occassional,Mobile
CUST01532,Delhi,2025-09-24,Occassional,Mobile
CUST01533,Delhi,2025-09-25,Regular,Desktop
CUST01534,Kolkata,2025-03-15,Regular,Desktop
CUST01535,Bangalore,2025-01-08,Regular,Mobile
CUST01536,Delhi,2025-10-24,Regular,Mobile
CUST01537,Mumbai,2025-06-13,Regular,Desktop
CUST01538,Hyderabad,2025-03-26,Premium,Mobile
CUST01539,Hyderabad,2025-03-13,Premium,Mobile
CUST01540,Kolkata,2025-02-24,Regular,Tablet
CUST01541,Pune,2025-02-16,Regular,Mobile
CUST01542,Pune,2025-08-26,Occassional,Tablet
CUST01543,Chennai,2025-04-14,Premium,Mobile
CUST01544,Kolkata,2025-07-29,Regular,Mobile
CUST01545,Ahmedabad,2025-02-11,Regular,Mobile
CUST01546,Chennai,2025-11-12,Premium,Tablet
CUST01547,Ahmedabad,2025-09-25,Regular,Mobile
CUST01548,Pune,2025-09-20,Regular,Mobile
CUST01549,Kolkata,2025-12-02,Regular,Tablet
CUST01550,Ahmedabad,2025-12-31,Regular,Mobile
CUST01551,Kolkata,2025-09-16,Regular,Mobile
CUST01552,Kolkata,2025-10-10,Premium,Mobile
CUST01553,Pune,2025-04-24,Premium,Desktop
CUST01554,Chennai,2025-12-29,Regular,Mobile
CUST01555,Chennai,2025-02-09,Premium,Mobile
CUST01556,Kolkata,2025-08-08,Regular,Mobile
CUST01557,Delhi,2025-05-09,Regular,Mobile
CUST01558,Bangalore,2025-01-08,Regular,Tablet
CUST01559,Pune,2025-04-11,Regular,Tablet
CUST01560,Bangalore,2025-06-25,Regular,Desktop
CUST01561,Bangalore,2025-04-17,Occassional,Desktop
CUST01562,Chennai,2025-04-11,Occassional,Desktop
CUST01563,Chennai,2025-09-17,Regular,Mobile
CUST01564,Delhi,2025-09-03,Regular,Desktop
CUST01565,Bangalore,2025-10-02,Regular,Mobile
CUST01566,Bangalore,2025-02-01,Regular,Mobile
CUST01567,Kolkata,2025-05-17,Regular,Desktop
CUST01568,Chennai,2025-01-12,Regular,Mobile
CUST01569,Bangalore,2025-10-29,Regular,Desktop
CUST01570,Hyderabad,2025-01-16,Occassional,Mobile
CUST01571,Delhi,2025-05-09,Regular,Desktop
CUST01572,Ahmedabad,2025-03-04,Regular,Mobile
CUST01573,Hyderabad,2025-04-19,Regular,Desktop
CUST01574,Hyderabad,2025-01-21,Regular,Desktop
CUST01575,Ahmedabad,2025-06-07,Premium,Mobile
CUST01576,Pune,2025-09-26,Regular,Mobile
CUST01577,Pune,2025-06-11,Occassional,Mobile
CUST01578,Delhi,2025-09-17,Regular,Mobile
CUST01579,Hyderabad,2025-04-12,Regular,Desktop
CUST01580,Bangalore,2025-08-11,Occassional,Tablet
CUST01581,Chennai,2025-02-28,Regular,Mobile
CUST01582,Delhi,2025-09-04,Occassional,Desktop
CUST01583,Kolkata,2025-05-08,Regular,Desktop
CUST01584,Ahmedabad,2025-10-10,Regular,Mobile
CUST01585,Hyderabad,2025-11-21,Regular,Desktop
CUST01586,Delhi,2025-01-25,Premium,Desktop
CUST01587,Mumbai,2025-05-11,Premium,Mobile
CUST01588,Mumbai,2025-12-19,Regular,Mobile
CUST01589,Pune,2025-07-15,Occassional,Mobile
CUST01590,Ahmedabad,2025-10-08,Occassional,Tablet
CUST01591,Chennai,2025-06-03,Premium,Tablet
CUST01592,Bangalore,2025-05-13,Regular,Desktop
CUST01593,Chennai,2025-08-15,Premium,Mobile
CUST01594,Chennai,2025-07-08,Premium,Mobile
CUST01595,Chennai,2025-09-22,Regular,Mobile
CUST01596,Ahmedabad,2025-05-14,Regular,Mobile
CUST01597,Chennai,2025-07-30,Premium,Desktop
CUST01598,Kolkata,2025-03-01,Premium,Tablet
CUST01599,Ahmedabad,2025-12-30,Occassional,Tablet
CUST01600,Kolkata,2025-12-30,Premium,Desktop
CUST01601,Ahmedabad,2025-08-01,Regular,Mobile
CUST01602,Pune,2025-08-04,Regular,Mobile
CUST01603,Delhi,2025-08-14,Premium,Mobile
CUST01604,Mumbai,2025-05-11,Regular,Desktop
CUST01605,Chennai,2025-03-17,Regular,Desktop
CUST01606,Pune,2025-10-13,Occassional,Mobile
CUST01607,Delhi,2025-10-04,Regular,Mobile
CUST01608,Mumbai,2025-06-05,Regular,Mobile
CUST01609,Hyderabad,2025-09-05,Occassional,Mobile
CUST01610,Bangalore,2025-08-06,Occassional,Mobile
CUST01611,Kolkata,2025-07-09,Regular,Mobile
CUST01612,Hyderabad,2025-06-12,Regular,Mobile
CUST01613,Ahmedabad,2025-06-29,Regular,Desktop
CUST01614,Mumbai,2025-02-03,Regular,Mobile
CUST01615,Hyderabad,2025-02-10,Regular,Mobile
CUST01616,Bangalore,2025-11-03,Regular,Mobile
CUST01617,Pune,2025-12-04,Premium,Mobile
CUST01618,Mumbai,2025-11-10,Regular,Mobile
CUST01619,Hyderabad,2025-03-16,Regular,Mobile
CUST01620,Kolkata,2025-10-06,Premium,Mobile
CUST01621,Kolkata,2025-06-25,Premium,Mobile
CUST01622,Delhi,2025-05-30,Regular,Desktop
CUST01623,Hyderabad,2025-09-30,Regular,Mobile
CUST01624,Chennai,2025-11-21,Regular,Desktop
CUST01625,Hyderabad,2025-04-18,Regular,Mobile
CUST01626,Pune,2025-05-19,Regular,Mobile
CUST01627,Mumbai,2025-12-16,Regular,Mobile
CUST01628,Mumbai,2025-09-28,Regular,Mobile
CUST01629,Pune,2025-12-13,Occassional,Tablet
CUST01630,Hyderabad,2025-10-16,Occassional,Desktop
CUST01631,Pune,2025-07-31,Regular,Tablet
CUST01632,Bangalore,2025-09-29,Regular,Tablet
CUST01633,Ahmedabad,2025-03-07,Premium,Desktop
CUST01634,Pune,2025-09-05,Regular,Mobile
CUST01635,Kolkata,2025-06-05,Premium,Mobile
CUST01636,Pune,2025-02-16,Occassional,Tablet
CUST01637,Mumbai,2025-07-20,Premium,Desktop
CUST01638,Kolkata,2025-05-28,Regular,Mobile
CUST01639,Mumbai,2025-05-04,Occassional,Desktop
CUST01640,Delhi,2025-01-01,Occassional,Mobile
CUST01641,Chennai,2025-09-04,Occassional,Mobile
CUST01642,Mumbai,2025-12-09,Premium,Mobile
CUST01643,Kolkata,2025-05-08,Premium,Desktop
CUST01644,Delhi,2025-07-10,Regular,Desktop
CUST01645,Mumbai,2025-03-08,Premium,Mobile
CUST01646,Bangalore,2025-01-04,Premium,Mobile
CUST01647,Pune,2025-10-30,Regular,Mobile
CUST01648,Chennai,2025-10-21,Occassional,Desktop
CUST01649,Mumbai,2025-05-23,Regular,Mobile
CUST01650,Delhi,2025-07-10,Regular,Mobile
CUST01651,Bangalore,2025-01-21,Regular,Mobile
CUST01652,Hyderabad,2025-08-15,Regular,Mobile
CUST01653,Delhi,2025-11-09,Regular,Mobile
CUST01654,Pune,2025-04-27,Regular,Desktop
CUST01655,Delhi,2025-10-29,Premium,Mobile
CUST01656,Bangalore,2025-05-22,Regular,Desktop
CUST01657,Delhi,2025-02-08,Premium,Mobile
CUST01658,Bangalore,2025-12-21,Occassional,Mobile
CUST01659,Mumbai,2025-09-09,Regular,Mobile
CUST01660,Ahmedabad,2025-11-29,Regular,Desktop
CUST01661,Bangalore,2025-07-26,Regular,Tablet
CUST01662,Bangalore,2025-07-29,Premium,Tablet
CUST01663,Chennai,2025-04-25,Premium,Mobile
CUST01664,Bangalore,2025-08-13,Regular,Mobile
CUST01665,Bangalore,2025-05-14,Occassional,Desktop
CUST01666,Hyderabad,2025-09-08,Occassional,Desktop
CUST01667,Ahmedabad,2025-08-07,Regular,Mobile
CUST01668,Mumbai,2025-04-01,Occassional,Desktop
CUST01669,Pune,2025-12-20,Regular,Mobile
CUST01670,Chennai,2025-02-15,Regular,Mobile
CUST01671,Hyderabad,2025-02-07,Regular,Mobile
CUST01672,Kolkata,2025-05-22,Regular,Mobile
CUST01673,Ahmedabad,2025-04-10,Occassional,Mobile
CUST01674,Mumbai,2025-11-24,Regular,Mobile
CUST01675,Mumbai,2025-07-09,Occassional,Mobile
CUST01676,Kolkata,2025-02-04,Regular,Mobile
CUST01677,Pune,2025-05-27,Regular,Mobile
CUST01678,Bangalore,2025-01-30,Premium,Desktop
CUST01679,Hyderabad,2025-11-30,Regular,Mobile
CUST01680,Delhi,2025-03-25,Regular,Mobile
CUST01681,Chennai,2025-10-08,Occassional,Mobile
CUST01682,Delhi,2025-12-10,Premium,Tablet
CUST01683,Kolkata,2025-09-27,Occassional,Mobile
CUST01684,Mumbai,2025-06-03,Occassional,Mobile
CUST01685,Pune,2025-04-12,Regular,Mobile
CUST01686,Mumbai,2025-08-03,Occassional,Desktop
CUST01687,Chennai,2025-05-30,Occassional,Mobile
CUST01688,Mumbai,2025-03-24,Regular,Mobile
CUST01689,Mumbai,2025-04-20,Occassional,Mobile
CUST01690,Chennai,2025-10-02,Occassional,Mobile
CUST01691,Hyderabad,2025-07-20,Regular,Desktop
CUST01692,Hyderabad,2025-10-11,Regular,Desktop
CUST01693,Chennai,2025-06-22,Occassional,Desktop
CUST01694,Pune,2025-11-23,Regular,Desktop
CUST01695,Kolkata,2025-07-25,Regular,Mobile
CUST01696,Ahmedabad,2025-03-04,Regular,Mobile
CUST01697,Mumbai,2025-03-14,Occassional,Desktop
CUST01698,Pune,2025-09-08,Premium,Mobile
CUST01699,Mumbai,2025-05-04,Occassional,Desktop
CUST01700,Ahmedabad,2025-05-01,Regular,Mobile
CUST01701,Kolkata,2025-10-02,Premium,Mobile
CUST01702,Hyderabad,2025-04-30,Regular,Desktop
CUST01703,Pune,2025-11-13,Premium,Desktop
CUST01704,Bangalore,2025-06-13,Regular,Desktop
CUST01705,Bangalore,2025-10-13,Occassional,Mobile
CUST01706,Ahmedabad,2025-09-22,Occassional,Desktop
CUST01707,Bangalore,2025-11-16,Premium,Mobile
CUST01708,Hyderabad,2025-06-10,Premium,Mobile
CUST01709,Ahmedabad,2025-11-04,Occassional,Tablet
CUST01710,Hyderabad,2025-03-30,Occassional,Desktop
CUST01711,Kolkata,2025-05-22,Regular,Mobile
CUST01712,Mumbai,2025-07-22,Regular,Desktop
CUST01713,Kolkata,2025-11-05,Regular,Mobile
CUST01714,Kolkata,2025-08-15,Occassional,Mobile
CUST01715,Hyderabad,2025-11-30,Regular,Mobile
CUST01716,Ahmedabad,2025-08-10,Regular,Tablet
CUST01717,Ahmedabad,2025-02-10,Regular,Mobile
CUST01718,Bangalore,2025-07-15,Occassional,Desktop
CUST01719,Delhi,2025-03-09,Premium,Mobile
CUST01720,Mumbai,2025-09-21,Regular,Desktop
CUST01721,Hyderabad,2025-01-02,Regular,Mobile
CUST01722,Bangalore,2025-12-27,Premium,Desktop
CUST01723,Pune,2025-05-05,Premium,Mobile
CUST01724,Delhi,2025-04-20,Occassional,Desktop
CUST01725,Delhi,2025-03-27,Occassional,Tablet
CUST01726,Hyderabad,2025-04-30,Occassional,Desktop
CUST01727,Chennai,2025-05-07,Occassional,Mobile
CUST01728,Mumbai,2025-09-12,Regular,Tablet
CUST01729,Delhi,2025-07-02,Occassional,Mobile
CUST01730,Hyderabad,2025-01-16,Regular,Desktop
CUST01731,Hyderabad,2025-03-03,Regular,Desktop
CUST01732,Bangalore,2025-06-07,Occassional,Mobile
CUST01733,Pune,2025-09-25,Regular,Mobile
CUST01734,Chennai,2025-02-04,Regular,Mobile
CUST01735,Mumbai,2025-09-24,Regular,Mobile
CUST01736,Ahmedabad,2025-03-05,Premium,Desktop
CUST01737,Kolkata,2025-02-19,Premium,Mobile
CUST01738,Pune,2025-09-12,Occassional,Mobile
CUST01739,Pune,2025-05-29,Occassional,Mobile
CUST01740,Bangalore,2025-11-21,Regular,Mobile
CUST01741,Ahmedabad,2025-10-31,Premium,Mobile
CUST01742,Delhi,2025-10-03,Premium,Desktop
CUST01743,Delhi,2025-12-23,Occassional,Mobile
CUST01744,Bangalore,2025-06-21,Regular,Desktop
CUST01745,Hyderabad,2025-07-20,Regular,Mobile
CUST01746,Delhi,2025-11-20,Regular,Mobile
CUST01747,Chennai,2025-02-04,Regular,Desktop
CUST01748,Mumbai,2025-08-04,Regular,Mobile
CUST01749,Pune,2025-03-06,Occassional,Mobile
CUST01750,Pune,2025-01-08,Regular,Mobile
CUST01751,Chennai,2025-10-28,Regular,Mobile
CUST01752,Ahmedabad,2025-12-09,Regular,Mobile
CUST01753,Delhi,2025-11-28,Regular,Mobile
CUST01754,Pune,2025-03-17,Regular,Mobile
CUST01755,Kolkata,2025-06-23,Premium,Mobile
CUST01756,Ahmedabad,2025-02-16,Regular,Mobile
CUST01757,Mumbai,2025-01-15,Regular,Mobile
CUST01758,Mumbai,2025-12-27,Occassional,Mobile
CUST01759,Pune,2025-05-27,Regular,Mobile
CUST01760,Bangalore,2025-01-26,Occassional,Tablet
CUST01761,Ahmedabad,2025-11-04,Premium,Mobile
CUST01762,Pune,2025-04-03,Occassional,Desktop
CUST01763,Bangalore,2025-08-20,Regular,Mobile
CUST01764,Pune,2025-01-21,Occassional,Tablet
CUST01765,Kolkata,2025-11-03,Regular,Mobile
CUST01766,Ahmedabad,2025-02-07,Regular,Tablet
CUST01767,Hyderabad,2025-10-03,Occassional,Desktop
CUST01768,Mumbai,2025-06-06,Regular,Mobile
CUST01769,Pune,2025-06-28,Regular,Desktop
CUST01770,Kolkata,2025-05-12,Regular,Mobile
CUST01771,Bangalore,2025-11-07,Regular,Mobile
CUST01772,Bangalore,2025-12-14,Regular,Desktop
CUST01773,Mumbai,2025-01-28,Regular,Tablet
CUST01774,Chennai,2025-09-17,Regular,Mobile
CUST01775,Pune,2025-03-17,Occassional,Mobile
CUST01776,Ahmedabad,2025-03-08,Regular,Desktop
CUST01777,Delhi,2025-12-08,Occassional,Desktop
CUST01778,Bangalore,2025-07-13,Occassional,Desktop
CUST01779,Ahmedabad,2025-06-11,Regular,Desktop
CUST01780,Ahmedabad,2025-12-13,Premium,Mobile
CUST01781,Hyderabad,2025-12-27,Premium,Tablet
CUST01782,Ahmedabad,2025-09-14,Regular,Mobile
CUST01783,Ahmedabad,2025-03-13,Occassional,Mobile
CUST01784,Hyderabad,2025-03-28,Regular,Mobile
CUST01785,Bangalore,2025-09-19,Regular,Mobile
CUST01786,Ahmedabad,2025-08-02,Regular,Mobile
CUST01787,Chennai,2025-06-02,Regular,Desktop
CUST01788,Chennai,2025-07-29,Regular,Mobile
CUST01789,Kolkata,2025-03-02,Regular,Mobile
CUST01790,Hyderabad,2025-09-25,Occassional,Desktop
CUST01791,Kolkata,2025-09-19,Regular,Mobile
CUST01792,Hyderabad,2025-08-06,Premium,Mobile
CUST01793,Pune,2025-10-10,Occassional,Mobile
CUST01794,Pune,2025-05-16,Premium,Tablet
CUST01795,Ahmedabad,2025-12-28,Occassional,Mobile
CUST01796,Delhi,2025-04-03,Occassional,Mobile
CUST01797,Pune,2025-04-19,Regular,Mobile
CUST01798,Delhi,2025-08-29,Occassional,Mobile
CUST01799,Pune,2025-12-21,Regular,Mobile
CUST01800,Mumbai,2025-05-22,Occassional,Mobile
CUST01801,Pune,2025-10-18,Regular,Mobile
CUST01802,Kolkata,2025-08-25,Regular,Tablet
CUST01803,Bangalore,2025-12-06,Occassional,Mobile
CUST01804,Ahmedabad,2025-11-08,Occassional,Mobile
CUST01805,Kolkata,2025-06-26,Occassional,Mobile
CUST01806,Bangalore,2025-05-21,Regular,Mobile
CUST01807,Chennai,2025-07-08,Occassional,Desktop
CUST01808,Kolkata,2025-02-18,Regular,Mobile
CUST01809,Chennai,2025-10-29,Occassional,Mobile
CUST01810,Delhi,2025-07-09,Regular,Desktop
CUST01811,Delhi,2025-05-16,Regular,Mobile
CUST01812,Mumbai,2025-02-12,Regular,Mobile
CUST01813,Pune,2025-12-19,Regular,Mobile
CUST01814,Kolkata,2025-03-31,Occassional,Mobile
CUST01815,Chennai,2025-10-22,Regular,Mobile
CUST01816,Bangalore,2025-12-07,Regular,Mobile
CUST01817,Delhi,2025-09-02,Regular,Mobile
CUST01818,Pune,2025-07-11,Occassional,Desktop
CUST01819,Delhi,2025-11-14,Regular,Mobile
CUST01820,Bangalore,2025-04-16,Premium,Mobile
CUST01821,Pune,2025-12-29,Regular,Mobile
CUST01822,Pune,2025-11-06,Premium,Mobile
CUST01823,Chennai,2025-08-21,Regular,Mobile
CUST01824,Chennai,2025-09-22,Premium,Tablet
CUST01825,Kolkata,2025-12-10,Premium,Desktop
CUST01826,Kolkata,2025-02-06,Occassional,Tablet
CUST01827,Hyderabad,2025-11-01,Occassional,Desktop
CUST01828,Ahmedabad,2025-02-10,Regular,Mobile
CUST01829,Hyderabad,2025-01-17,Occassional,Mobile
CUST01830,Mumbai,2025-12-10,Premium,Mobile
CUST01831,Delhi,2025-10-04,Regular,Mobile
CUST01832,Kolkata,2025-11-03,Regular,Tablet
CUST01833,Chennai,2025-02-28,Regular,Mobile
CUST01834,Bangalore,2025-07-02,Regular,Desktop
CUST01835,Chennai,2025-02-10,Regular,Mobile
CUST01836,Delhi,2025-02-08,Regular,Desktop
CUST01837,Hyderabad,2025-07-11,Regular,Tablet
CUST01838,Chennai,2025-09-24,Premium,Desktop
CUST01839,Ahmedabad,2025-05-27,Regular,Desktop
CUST01840,Mumbai,2025-11-29,Regular,Mobile
CUST01841,Delhi,2025-05-07,Regular,Desktop
CUST01842,Hyderabad,2025-02-15,Regular,Tablet
CUST01843,Ahmedabad,2025-02-14,Premium,Desktop
CUST01844,Bangalore,2025-01-01,Occassional,Desktop
CUST01845,Hyderabad,2025-06-17,Regular,Desktop
CUST01846,Pune,2025-04-18,Regular,Desktop
CUST01847,Ahmedabad,2025-01-19,Regular,Mobile
CUST01848,Ahmedabad,2025-11-28,Premium,Desktop
CUST01849,Mumbai,2025-03-13,Regular,Mobile
CUST01850,Delhi,2025-04-19,Regular,Mobile
CUST01851,Bangalore,2025-09-25,Regular,Mobile
CUST01852,Mumbai,2025-08-28,Premium,Mobile
CUST01853,Hyderabad,2025-10-28,Regular,Mobile
CUST01854,Mumbai,2025-03-31,Premium,Mobile
CUST01855,Ahmedabad,2025-04-13,Premium,Mobile
CUST01856,Delhi,2025-09-07,Regular,Mobile
CUST01857,Kolkata,2025-01-08,Regular,Mobile
CUST01858,Mumbai,2025-06-02,Regular,Desktop
CUST01859,Pune,2025-12-13,Regular,Tablet
CUST01860,Mumbai,2025-06-23,Regular,Desktop
CUST01861,Hyderabad,2025-12-09,Premium,Tablet
CUST01862,Hyderabad,2025-06-07,Regular,Desktop
CUST01863,Bangalore,2025-08-03,Occassional,Mobile
CUST01864,Hyderabad,2025-06-26,Regular,Desktop
CUST01865,Chennai,2025-06-24,Occassional,Desktop
CUST01866,Delhi,2025-12-06,Regular,Mobile
CUST01867,Delhi,2025-12-04,Regular,Mobile
CUST01868,Kolkata,2025-05-26,Regular,Desktop
CUST01869,Kolkata,2025-11-20,Regular,Mobile
CUST01870,Delhi,2025-06-10,Regular,Desktop
CUST01871,Pune,2025-05-07,Regular,Mobile
CUST01872,Kolkata,2025-03-23,Regular,Mobile
CUST01873,Bangalore,2025-05-27,Regular,Mobile
CUST01874,Hyderabad,2025-08-27,Occassional,Mobile
CUST01875,Delhi,2025-03-25,Occassional,Mobile
CUST01876,Ahmedabad,2025-04-23,Regular,Desktop
CUST01877,Kolkata,2025-08-13,Regular,Desktop
CUST01878,Delhi,2025-11-28,Regular,Desktop
CUST01879,Chennai,2025-08-31,Regular,Mobile
CUST01880,Mumbai,2025-05-23,Regular,Desktop
CUST01881,Hyderabad,2025-02-10,Occassional,Mobile
CUST01882,Delhi,2025-09-15,Regular,Mobile
CUST01883,Mumbai,2025-10-12,Regular,Mobile
CUST01884,Kolkata,2025-04-15,Regular,Mobile
CUST01885,Mumbai,2025-07-21,Occassional,Mobile
CUST01886,Hyderabad,2025-11-03,Regular,Mobile
CUST01887,Delhi,2025-11-27,Regular,Desktop
CUST01888,Chennai,2025-09-23,Occassional,Desktop
CUST01889,Pune,2025-07-29,Premium,Mobile
CUST01890,Kolkata,2025-02-20,Occassional,Mobile
CUST01891,Delhi,2025-04-28,Premium,Mobile
CUST01892,Hyderabad,2025-07-20,Occassional,Mobile
CUST01893,Kolkata,2025-02-08,Regular,Desktop
CUST01894,Bangalore,2025-01-28,Regular,Mobile
CUST01895,Mumbai,2025-09-16,Occassional,Desktop
CUST01896,Pune,2025-03-25,Premium,Desktop
CUST01897,Hyderabad,2025-06-04,Regular,Mobile
CUST01898,Bangalore,2025-04-27,Regular,Tablet
CUST01899,Ahmedabad,2025-01-02,Regular,Mobile
CUST01900,Delhi,2025-04-03,Regular,Mobile
CUST01901,Chennai,2025-06-15,Premium,Mobile
CUST01902,Kolkata,2025-12-16,Premium,Mobile
CUST01903,Mumbai,2025-10-23,Premium,Mobile
CUST01904,Kolkata,2025-09-15,Regular,Mobile
CUST01905,Pune,2025-03-22,Regular,Desktop
CUST01906,Delhi,2025-09-25,Occassional,Tablet
CUST01907,Kolkata,2025-08-23,Occassional,Desktop
CUST01908,Mumbai,2025-11-17,Occassional,Mobile
CUST01909,Delhi,2025-11-07,Regular,Desktop
CUST01910,Kolkata,2025-10-28,Regular,Desktop
CUST01911,Chennai,2025-12-23,Regular,Desktop
CUST01912,Hyderabad,2025-08-01,Regular,Desktop
CUST01913,Delhi,2025-03-03,Regular,Desktop
CUST01914,Hyderabad,2025-02-18,Premium,Mobile
CUST01915,Ahmedabad,2025-05-07,Regular,Desktop
CUST01916,Delhi,2025-08-11,Occassional,Mobile
CUST01917,Chennai,2025-10-06,Regular,Tablet
CUST01918,Hyderabad,2025-10-21,Regular,Mobile
CUST01919,Bangalore,2025-10-11,Premium,Mobile
CUST01920,Mumbai,2025-10-04,Regular,Mobile
CUST01921,Bangalore,2025-04-17,Occassional,Desktop
CUST01922,Kolkata,2025-05-26,Regular,Mobile
CUST01923,Chennai,2025-04-09,Regular,Mobile
CUST01924,Bangalore,2025-03-14,Premium,Tablet
CUST01925,Delhi,2025-05-02,Regular,Tablet
CUST01926,Kolkata,2025-01-30,Premium,Mobile
CUST01927,Kolkata,2025-07-07,Occassional,Mobile
CUST01928,Bangalore,2025-12-30,Occassional,Desktop
CUST01929,Ahmedabad,2025-12-20,Occassional,Tablet
CUST01930,Bangalore,2025-10-15,Regular,Mobile
CUST01931,Ahmedabad,2025-07-14,Occassional,Desktop
CUST01932,Chennai,2025-06-05,Regular,Mobile
CUST01933,Mumbai,2025-06-21,Regular,Desktop
CUST01934,Bangalore,2025-12-01,Regular,Desktop
CUST01935,Pune,2025-02-10,Premium,Mobile
CUST01936,Ahmedabad,2025-03-04,Premium,Mobile
CUST01937,Bangalore,2025-01-23,Regular,Tablet
CUST01938,Hyderabad,2025-12-26,Regular,Desktop
CUST01939,Delhi,2025-03-16,Regular,Mobile
CUST01940,Pune,2025-02-17,Regular,Desktop
CUST01941,Pune,2025-06-09,Occassional,Desktop
CUST01942,Ahmedabad,2025-11-09,Occassional,Mobile
CUST01943,Hyderabad,2025-04-28,Occassional,Desktop
CUST01944,Hyderabad,2025-04-10,Regular,Mobile
CUST01945,Kolkata,2025-06-16,Regular,Tablet
CUST01946,Ahmedabad,2025-10-17,Regular,Mobile
CUST01947,Mumbai,2025-06-05,Premium,Mobile
CUST01948,Delhi,2025-01-07,Premium,Mobile
CUST01949,Chennai,2025-07-15,Regular,Desktop
CUST01950,Pune,2025-02-25,Regular,Desktop
CUST01951,Chennai,2025-11-17,Occassional,Desktop
CUST01952,Bangalore,2025-07-12,Regular,Desktop
CUST01953,Bangalore,2025-02-16,Regular,Mobile
CUST01954,Chennai,2025-05-28,Premium,Tablet
CUST01955,Bangalore,2025-10-02,Occassional,Mobile
CUST01956,Mumbai,2025-06-06,Occassional,Desktop
CUST01957,Hyderabad,2025-07-21,Occassional,Mobile
CUST01958,Bangalore,2025-05-06,Occassional,Desktop
CUST01959,Kolkata,2025-11-01,Regular,Desktop
CUST01960,Bangalore,2025-10-21,Regular,Desktop
CUST01961,Delhi,2025-03-05,Regular,Mobile
CUST01962,Mumbai,2025-11-21,Regular,Mobile
CUST01963,Delhi,2025-06-25,Regular,Mobile
CUST01964,Delhi,2025-04-26,Regular,Desktop
CUST01965,Kolkata,2025-07-23,Occassional,Mobile
CUST01966,Mumbai,2025-11-17,Occassional,Tablet
CUST01967,Mumbai,2025-01-31,Occassional,Mobile
CUST01968,Ahmedabad,2025-04-23,Occassional,Mobile
CUST01969,Mumbai,2025-12-31,Regular,Desktop
CUST01970,Mumbai,2025-11-21,Regular,Mobile
CUST01971,Mumbai,2025-12-10,Premium,Tablet
CUST01972,Kolkata,2025-03-08,Regular,Desktop
CUST01973,Bangalore,2025-03-16,Regular,Mobile
CUST01974,Ahmedabad,2025-02-14,Premium,Mobile
CUST01975,Delhi,2025-09-17,Occassional,Mobile
CUST01976,Mumbai,2025-06-03,Premium,Mobile
CUST01977,Pune,2025-06-04,Regular,Desktop
CUST01978,Bangalore,2025-12-29,Regular,Mobile
CUST01979,Bangalore,2025-08-22,Regular,Mobile
CUST01980,Delhi,2025-02-20,Premium,Mobile
CUST01981,Kolkata,2025-11-02,Regular,Mobile
CUST01982,Chennai,2025-09-19,Occassional,Mobile
CUST01983,Chennai,2025-11-11,Regular,Desktop
CUST01984,Bangalore,2025-05-05,Regular,Desktop
CUST01985,Hyderabad,2025-09-02,Regular,Desktop
CUST01986,Hyderabad,2025-01-30,Premium,Desktop
CUST01987,Delhi,2025-05-02,Occassional,Mobile
CUST01988,Chennai,2025-05-05,Premium,Desktop
CUST01989,Bangalore,2025-02-06,Occassional,Mobile
CUST01990,Kolkata,2025-06-19,Regular,Mobile
CUST01991,Chennai,2025-05-04,Occassional,Mobile
CUST01992,Bangalore,2025-12-23,Premium,Mobile
CUST01993,Bangalore,2025-02-04,Regular,Desktop
CUST01994,Mumbai,2025-03-28,Regular,Mobile
CUST01995,Kolkata,2025-05-14,Premium,Desktop
CUST01996,Mumbai,2025-07-15,Regular,Mobile
CUST01997,Delhi,2025-10-01,Regular,Mobile
CUST01998,Mumbai,2025-07-20,Regular,Desktop
CUST01999,Pune,2025-10-12,Premium,Mobile
CUST02000,Mumbai,2025-03-18,Regular,Mobile
