PassengerId,Survived,Pclass,Name,Sex,Age,SibSp,Parch,Ticket,Fare,Cabin,Emabarked
1,1,2,"Brown, Miss Emma",female,30.5,0,0,SC166961,16.39,nan,S
2,1,3,"White, Mrs. Alice",female,,0,0,CA447187,5.07,D115,S
3,0,3,"Williams, Mr. James",male,14.8,0,2,SOTON287743,43.58,nan,C
4,1,3,"Johnson, Miss Clara",female,39.5,0,0,SOTON602109,1.58,E88,C
5,0,1,"Davis, Mr. Joseph",male,13.9,0,0,SOTON593734,37.48,G6,S
6,0,1,"Brown, Mr. Charles",male,39.3,0,0,A/871322,60.66,nan,S
7,1,1,"Wilson, Miss Ida",female,,1,0,SC810471,147.1,A58,S
8,0,3,"Smith, Mr. John",male,,0,2,775815,10.41,nan,C
9,0,3,"Brown, Mr. Henry",male,20.5,0,0,CA360511,36.6,F42,S
10,0,3,"Harris, Mr. Edward",male,,0,2,SC681506,,F129,S
11,0,1,"Jackson, Mr. John",male,16.3,1,0,SOTON84162,0.0,nan,S
12,0,3,"Harris, Mr. Thomas",male,,1,0,PC425524,0.0,nan,S
13,0,3,"Brown, Mr. James",male,,0,0,577306,22.88,nan,C
14,1,1,"Davis, Mr. Joseph",male,,0,1,A/670773,148.87,nan,S
15,1,1,"Miller, Mrs. Margaret",female,,0,0,CA858555,100.34,nan,S
16,1,1,"Jones, Miss Elizabeth",female,,0,0,SOTON157857,7.21,E52,S
17,0,2,"Davis, Mr. Edward",male,49.9,0,0,CA622688,13.5,nan,S
18,0,3,"Jackson, Mr. Charles",male,,1,0,601628,,E136,S
19,0,2,"Davis, Mr. John",male,,0,2,SOTON723193,41.28,nan,S
20,0,2,"Davis, Mr. John",male,31.2,1,0,CA525645,17.62,A29,Q
21,0,3,"Williams, Mr. Henry",male,18.7,0,0,SC310345,3.97,D69,S
22,0,1,"Williams, Mr. Thomas",male,18.4,0,0,PC798228,,E124,S
23,0,2,"Harris, Mr. James",male,37.3,1,0,PC445194,34.29,nan,C
24,0,2,"Smith, Mr. Thomas",male,,0,2,SOTON610766,45.48,nan,S
25,0,3,"Taylor, Mr. Henry",male,,0,0,SC242819,25.31,nan,Q
26,0,3,"White, Mr. Thomas",male,39.1,0,0,SOTON458295,27.02,nan,C
27,1,1,"Jones, Miss Ida",female,,0,1,CA250494,126.57,nan,S
28,1,3,"Davis, Miss Margaret",female,,4,0,SOTON136921,25.08,A3,S
29,0,3,"Harris, Mr. Henry",male,16.0,0,0,A/324121,16.93,nan,S
30,1,1,"Thomas, Mrs. Anna",female,24.6,3,0,683495,96.33,nan,S
31,0,3,"Harris, Mr. Joseph",male,33.5,3,0,PC504869,22.97,nan,C
32,1,1,"Moore, Mrs. Bertha",female,57.9,1,0,SOTON222043,184.72,F120,S
33,1,1,"Miller, Miss Minnie",female,,0,2,SOTON760838,116.9,B47,S
34,0,3,"Anderson, Mr. James",male,38.5,0,0,CA171932,0.0,E20,S
35,0,3,"Smith, Mr. Thomas",male,,1,0,CA837776,7.33,nan,S
36,0,3,"Jackson, Mr. James",male,37.5,0,2,CA331035,11.61,nan,S
37,0,2,"Thomas, Mr. Edward",male,42.4,0,0,A/98464,47.07,G17,C
38,0,1,"Jackson, Mr. Henry",male,25.5,0,0,429546,186.31,nan,S
39,0,3,"Davis, Mr. George",male,55.1,0,0,PC716424,12.73,nan,S
40,0,2,"Smith, Mr. Thomas",male,33.2,0,2,SOTON933774,18.33,nan,S
41,1,1,"Anderson, Mrs. Alice",female,,0,0,397873,57.08,nan,C
42,1,3,"Wilson, Mrs. Ida",female,,0,1,919531,21.3,nan,S
43,0,1,"Williams, Mr. James",male,,1,1,SOTON963458,137.54,nan,C
44,0,3,"White, Mr. James",male,,0,0,80317,12.96,nan,S
45,0,2,"Anderson, Mr. Henry",male,21.4,2,0,PC188884,26.93,nan,Q
46,0,3,"Thomas, Mr. Edward",male,,1,1,CA793415,5.69,nan,S
47,1,2,"Wilson, Mrs. Anna",female,,1,0,SOTON329773,2.03,nan,S
48,0,3,"Jackson, Mr. Charles",male,,0,1,659272,21.9,nan,S
49,0,3,"Brown, Mr. Thomas",male,40.9,1,2,CA15332,14.29,nan,S
50,0,1,"White, Mr. George",male,36.4,0,0,SC603083,59.85,nan,S
51,0,3,"Davis, Mr. William",male,53.4,1,0,SC108716,22.68,nan,S
52,0,3,"Smith, Miss Margaret",female,,0,1,CA971279,0.0,nan,S
53,1,3,"Brown, Miss Emma",female,,1,1,CA934510,16.63,nan,S
54,0,3,"Wilson, Rev. Thomas",male,14.7,4,0,SOTON64128,4.05,nan,Q
55,0,3,"Anderson, Mr. James",male,,0,0,SOTON857652,8.98,F117,S
56,0,3,"Moore, Mr. James",male,39.7,0,0,PC875325,18.55,nan,C
57,1,1,"Jackson, Mrs. Bertha",female,41.9,1,0,936450,14.79,nan,S
58,1,1,"Johnson, Miss Anna",female,25.9,0,0,110002,144.2,nan,S
59,0,1,"Wilson, Mr. Thomas",male,29.0,1,0,SC524897,111.79,C36,S
60,0,2,"White, Mr. Edward",male,8.7,0,0,PC18401,26.56,nan,S
61,1,2,"Anderson, Mrs. Clara",female,,0,0,SC889390,28.14,nan,Q
62,0,2,"Jackson, Dr. Henry",male,,3,0,777890,3.89,nan,S
63,1,3,"Taylor, Mrs. Elizabeth",female,38.1,0,0,SC275115,17.83,nan,C
64,0,2,"Wilson, Mr. Charles",male,,1,0,A/255572,10.3,F23,Q
65,0,2,"Smith, Mr. George",male,,0,0,PC541853,11.4,nan,S
66,0,3,"Johnson, Mr. William",male,30.1,0,0,257680,16.65,nan,Q
67,0,1,"Smith, Mr. William",male,20.8,0,0,SOTON82823,,nan,S
68,0,3,"Davis, Mr. William",male,,0,0,776469,5.52,D50,Q
69,1,1,"Miller, Mrs. Alice",female,35.9,1,0,SOTON442192,31.02,nan,S
70,0,3,"Brown, Mr. George",male,36.9,0,2,SOTON473415,29.23,nan,S
71,0,3,"Miller, Mr. Charles",male,22.6,0,0,PC258505,18.41,C118,C
72,0,1,"Williams, Mr. Henry",male,0.5,0,2,SC671432,0.0,E95,S
73,0,1,"Wilson, Mr. Thomas",male,45.4,1,0,SC360512,0.0,D67,S
74,0,3,"Miller, Mr. William",male,,0,0,CA150671,3.96,D67,S
75,0,3,"Taylor, Mr. James",male,17.9,1,2,167460,27.33,F18,nan
76,0,3,"Miller, Miss Emma",female,39.7,0,0,SOTON337880,14.51,nan,S
77,0,3,"Thomas, Mr. Henry",male,24.5,0,0,733792,6.94,F74,C
78,1,1,"Jackson, Mr. Edward",male,44.8,1,0,SOTON876055,192.34,A15,S
79,0,2,"Smith, Mr. Robert",male,,0,0,CA839714,52.51,nan,S
80,1,1,"Brown, Miss Ida",female,,0,0,PC199878,210.07,nan,S
81,1,3,"Thomas, Miss Margaret",female,,0,0,SOTON829426,27.88,C48,S
82,0,3,"Taylor, Miss Ida",female,,0,0,PC213668,7.87,nan,C
83,0,2,"Johnson, Mr. Thomas",male,,1,0,124189,32.38,G53,C
84,0,1,"Jones, Mr. Robert",male,24.8,0,3,SOTON769748,66.11,nan,Q
85,0,2,"White, Mr. Robert",male,32.0,1,0,CA813026,41.71,nan,S
86,0,2,"White, Mr. Thomas",male,5.1,0,0,SOTON905838,35.91,nan,S
87,0,3,"Brown, Mr. John",male,,0,1,PC630309,14.49,nan,Q
88,0,3,"Williams, Mr. Charles",male,15.6,2,0,PC291530,9.41,nan,C
89,0,3,"Johnson, Mr. Joseph",male,11.1,0,0,SC591940,0.0,nan,S
90,0,3,"Davis, Mr. William",male,,0,0,SOTON885555,9.91,nan,S
91,1,1,"Jackson, Miss Margaret",female,,0,0,SC900915,59.41,nan,Q
92,0,3,"Miller, Mr. Henry",male,,0,0,SC961930,18.81,nan,S
93,0,3,"Jackson, Mr. George",male,,0,1,SOTON477964,0.0,nan,S
94,1,3,"Miller, Miss Clara",female,22.5,0,3,SOTON90792,11.59,F61,S
95,0,3,"Jackson, Mr. William",male,,0,0,7088,0.0,nan,S
96,1,3,"Brown, Miss Ida",female,14.4,0,0,CA43044,22.92,nan,S
97,0,3,"Davis, Mr. Charles",male,,0,0,CA717748,21.63,nan,S
98,0,2,"Thomas, Mr. William",male,,0,0,300347,19.17,nan,S
99,1,1,"Jackson, Miss Minnie",female,22.3,0,2,SC109991,140.04,nan,S
100,1,1,"Taylor, Mrs. Margaret",female,,0,0,PC736043,71.7,nan,S
101,1,1,"White, Miss Alice",female,37.0,2,0,966488,33.95,G27,S
102,0,3,"Davis, Mr. Edward",male,,0,1,SOTON761292,16.7,A97,C
103,0,2,"White, Mr. Edward",male,50.3,1,0,SC367200,30.08,A90,Q
104,0,3,"Brown, Mr. James",male,25.0,0,0,A/477708,23.67,nan,S
105,0,3,"Miller, Mr. William",male,,0,0,A/455747,0.92,nan,S
106,1,2,"Miller, Mrs. Bertha",female,,0,1,A/172792,11.88,nan,Q
107,0,2,"Wilson, Mr. John",male,,0,0,CA515513,29.71,nan,S
108,1,3,"Jackson, Miss Ida",female,16.5,0,1,PC275006,1.95,B80,S
109,0,1,"White, Mr. Edward",male,,0,0,CA370992,148.18,nan,C
110,0,1,"Jackson, Mr. John",male,34.8,0,1,SC681882,8.91,nan,S
111,0,2,"White, Rev. James",male,,2,1,CA725764,28.99,nan,C
112,1,1,"Wilson, Miss Bertha",female,,0,0,CA393827,170.25,A130,C
113,1,3,"Harris, Miss Minnie",female,19.4,0,0,PC383968,8.81,A58,S
114,0,3,"Davis, Mrs. Margaret",female,26.8,1,0,SC610694,0.0,nan,S
115,1,3,"Smith, Mrs. Clara",female,17.1,0,0,SOTON783703,11.15,G88,S
116,1,3,"Thomas, Miss Emma",female,42.5,0,0,SOTON796046,19.59,nan,S
117,0,3,"Smith, Miss Mary",female,44.5,1,0,SOTON339781,0.0,A107,S
118,0,1,"Davis, Mr. Henry",male,4.2,1,0,A/21914,29.44,A55,S
119,0,3,"White, Mr. Joseph",male,17.0,1,0,SOTON272759,3.65,D112,S
120,0,3,"Jackson, Mr. John",male,,0,0,CA351733,7.69,nan,Q
121,1,3,"Jackson, Miss Emma",female,,0,0,CA452027,18.84,nan,S
122,0,3,"Johnson, Miss Emma",female,,2,0,CA310042,5.7,nan,S
123,0,2,"Moore, Mr. William",male,,0,1,A/318649,20.2,nan,S
124,1,1,"Wilson, Dr. Elizabeth",female,,0,0,A/386096,46.33,E37,S
125,1,1,"Taylor, Mrs. Ida",female,15.9,0,0,A/696635,77.55,nan,S
126,0,2,"Harris, Mr. Henry",male,32.9,0,2,SC934481,41.37,nan,S
127,0,3,"Moore, Mr. Joseph",male,,0,0,763430,0.0,nan,S
128,1,3,"Miller, Miss Emma",female,19.9,0,2,CA110822,19.78,nan,C
129,0,1,"Smith, Mr. Robert",male,,0,0,A/601898,69.11,nan,Q
130,1,3,"Harris, Mrs. Ida",female,,0,0,SC647812,2.98,nan,S
131,0,2,"Smith, Mr. George",male,,1,0,683931,0.0,nan,S
132,1,1,"White, Mrs. Margaret",female,,0,0,PC460187,183.26,nan,nan
133,1,1,"Harris, Mrs. Minnie",female,,0,0,569225,93.85,D137,S
134,1,2,"Williams, Miss Alice",female,,0,0,A/716003,12.81,nan,S
135,0,3,"Miller, Mr. Thomas",male,41.6,0,0,A/742898,3.25,A62,C
136,1,2,"Brown, Miss Minnie",female,41.4,0,0,SOTON323195,10.2,nan,S
137,1,3,"Jackson, Miss Elizabeth",female,,0,0,SC332095,20.73,nan,S
138,0,3,"Jones, Mr. George",male,41.5,1,0,912773,40.48,nan,S
139,1,2,"Moore, Miss Alice",female,51.5,2,0,PC161111,0.0,nan,Q
140,0,3,"Anderson, Mr. Thomas",male,14.3,0,0,SC944072,0.0,nan,C
141,0,3,"Jones, Mr. Edward",male,,0,2,SOTON139741,17.42,nan,S
142,0,2,"Taylor, Mr. Joseph",male,,0,0,740176,21.47,nan,S
143,0,3,"Taylor, Mr. Thomas",male,,1,2,CA691876,14.19,nan,S
144,0,2,"Harris, Mr. Robert",male,37.7,1,1,SC220684,17.55,nan,S
145,1,2,"Wilson, Mrs. Clara",female,34.8,0,0,523522,18.65,nan,S
146,0,1,"Wilson, Rev. Thomas",male,35.5,0,0,249738,130.22,C84,C
147,1,3,"Miller, Mrs. Emma",female,,1,0,89295,1.71,G91,C
148,0,3,"Jones, Mr. George",male,,0,0,SOTON311085,17.2,nan,Q
149,0,1,"Brown, Mr. Joseph",male,,0,0,SOTON916407,90.34,nan,S
150,0,2,"Taylor, Rev. William",male,,0,0,A/97500,3.48,F64,C
151,1,3,"Harris, Mrs. Minnie",female,29.4,0,0,A/163480,12.27,nan,C
152,0,1,"Jackson, Rev. Henry",male,,1,0,SC744781,176.37,D86,S
153,0,1,"Anderson, Mr. Charles",male,,2,0,364109,140.38,nan,C
154,0,3,"Harris, Mrs. Ida",female,,0,0,646141,0.0,F125,S
155,0,3,"Taylor, Mr. Robert",male,29.1,0,1,A/692486,17.82,nan,C
156,0,2,"Williams, Rev. Thomas",male,,0,0,SOTON398294,33.5,D121,S
157,0,3,"Jackson, Mr. George",male,,0,0,A/536425,24.72,nan,S
158,0,3,"White, Mrs. Margaret",female,,0,0,A/131119,10.16,nan,S
159,0,1,"Moore, Dr. John",male,,0,0,SC11165,77.69,nan,S
160,1,3,"Harris, Mrs. Elizabeth",female,29.7,0,0,A/407862,18.41,nan,S
161,0,2,"Brown, Mr. Thomas",male,27.6,0,0,SOTON924374,15.76,B124,S
162,1,3,"Thomas, Mrs. Alice",female,,0,0,293880,28.67,nan,S
163,1,3,"Anderson, Miss Minnie",female,,0,0,CA845516,30.06,C70,S
164,0,3,"Davis, Miss Emma",female,28.2,0,2,SOTON87665,22.71,nan,nan
165,0,1,"Davis, Mr. William",male,,0,2,A/663737,0.0,D108,Q
166,0,3,"Johnson, Miss Minnie",female,23.9,3,0,412037,9.63,nan,S
167,0,2,"Smith, Mr. Charles",male,7.5,0,0,PC468799,26.2,B79,C
168,0,1,"Miller, Mr. Thomas",male,54.5,0,0,CA391014,120.93,A42,S
169,0,1,"Taylor, Mr. Henry",male,,1,0,CA19277,106.69,nan,C
170,1,3,"Taylor, Mrs. Mary",female,,5,0,A/871194,14.59,F105,S
171,1,3,"Jones, Miss Mary",female,,0,0,SC345390,0.0,G112,S
172,1,1,"Moore, Mrs. Ida",female,,1,2,A/982001,86.65,nan,S
173,0,3,"Jones, Rev. James",male,,0,0,PC385938,9.17,nan,S
174,0,1,"Smith, Mr. Thomas",male,34.1,0,0,947181,138.72,nan,C
175,1,3,"Brown, Mrs. Elizabeth",female,26.7,0,0,SC5015,8.95,B119,C
176,0,1,"Jackson, Dr. Henry",male,,0,0,SC655593,122.67,nan,S
177,0,3,"Brown, Mr. Robert",male,20.3,1,0,A/321956,25.32,nan,S
178,0,2,"Jones, Mr. James",male,,0,3,A/10201,9.83,nan,C
179,0,3,"Brown, Mr. Henry",male,,0,0,PC908903,9.27,nan,C
180,1,1,"Taylor, Mr. John",male,,0,0,868073,61.76,A22,S
181,0,2,"Jackson, Mr. John",male,,0,0,A/722049,6.9,E142,S
182,0,1,"Harris, Mr. William",male,39.5,0,0,444155,0.0,nan,S
183,0,3,"Smith, Mr. Edward",male,50.8,1,0,156022,19.37,nan,S
184,1,3,"Williams, Miss Elizabeth",female,,1,0,724163,18.06,nan,S
185,0,2,"Anderson, Mr. Joseph",male,,1,0,A/460722,12.73,nan,S
186,0,3,"Smith, Mr. George",male,37.0,1,1,PC375261,26.81,nan,C
187,1,3,"Brown, Mrs. Mary",female,,0,0,CA521880,5.46,nan,S
188,0,3,"Smith, Mr. John",male,,1,0,A/793050,22.02,nan,Q
189,1,3,"Davis, Mrs. Ida",female,40.4,0,0,SC786648,2.54,nan,nan
190,1,2,"Johnson, Miss Alice",female,,0,1,A/800523,12.1,nan,Q
191,0,1,"Moore, Mr. John",male,12.7,0,0,SC802593,0.0,nan,S
192,0,3,"Miller, Dr. James",male,,0,0,SC28663,1.74,G14,C
193,1,3,"Davis, Mrs. Anna",female,42.4,0,0,400949,16.08,nan,S
194,1,3,"Wilson, Mrs. Alice",female,,0,0,CA759707,0.0,nan,S
195,0,2,"Wilson, Mr. George",male,,1,0,CA957632,21.08,D1,nan
196,0,2,"Miller, Mr. William",male,39.6,0,1,CA840537,18.3,nan,S
197,0,3,"White, Mr. Edward",male,,0,0,SC391523,13.91,nan,C
198,1,3,"Miller, Dr. Ida",female,,2,0,CA255928,8.94,nan,C
199,0,3,"Williams, Mr. William",male,63.1,0,0,SC617923,0.0,nan,S
200,0,3,"Taylor, Mrs. Mary",female,19.0,0,1,SOTON277386,4.0,G67,S
201,0,3,"Thomas, Mr. Edward",male,,0,0,748174,17.3,nan,S
202,0,1,"Davis, Mr. Charles",male,,0,0,PC421349,64.28,nan,S
203,0,1,"Miller, Mr. George",male,40.1,0,0,SC363772,164.29,nan,C
204,0,3,"Wilson, Mr. George",male,26.8,0,0,PC172139,25.73,nan,S
205,0,3,"Wilson, Mr. James",male,,0,0,CA135400,17.37,A136,Q
206,1,1,"Johnson, Mr. James",male,,0,0,SC26261,7.97,A143,S
207,0,1,"White, Mr. Henry",male,,0,0,PC163814,134.36,nan,S
208,1,3,"Jackson, Mrs. Bertha",female,,0,0,A/612830,0.0,nan,S
209,1,1,"White, Mr. Joseph",male,,0,0,A/232601,0.0,nan,S
210,0,1,"Smith, Mr. Robert",male,,1,0,CA507398,145.05,nan,S
211,1,3,"Johnson, Mrs. Margaret",female,19.3,0,0,SOTON796965,,nan,C
212,1,3,"Anderson, Mrs. Elizabeth",female,22.3,0,1,CA389034,28.42,nan,C
213,1,3,"Harris, Mrs. Alice",female,,1,2,SOTON407582,9.67,nan,S
214,1,1,"Anderson, Mrs. Minnie",female,,0,3,SOTON256019,0.0,D37,S
215,0,3,"Wilson, Mr. Charles",male,29.4,0,1,PC946829,10.87,nan,S
216,1,1,"Smith, Mr. Henry",male,30.4,0,0,810281,106.74,nan,S
217,1,2,"Wilson, Miss Margaret",female,,1,0,375116,56.72,nan,S
218,1,3,"Jackson, Mrs. Elizabeth",female,,1,0,A/738897,20.78,F20,S
219,0,3,"Moore, Mr. Edward",male,,0,0,127026,29.23,B139,C
220,0,3,"Anderson, Miss Minnie",female,23.1,1,0,CA9164,10.87,nan,S
221,0,3,"Johnson, Mr. James",male,,0,0,A/526407,15.4,nan,Q
222,0,3,"Miller, Mr. Edward",male,,0,0,SC832594,27.18,B87,S
223,0,1,"Taylor, Dr. James",male,,0,0,PC968182,0.0,nan,Q
224,0,2,"Anderson, Mr. Edward",male,,0,0,PC90074,7.63,nan,S
225,0,2,"Miller, Mr. Charles",male,,1,2,A/441844,15.56,A137,S
226,0,2,"Jones, Mr. Edward",male,41.1,0,0,787070,,G145,Q
227,1,3,"Wilson, Mrs. Bertha",female,34.8,0,0,SOTON30738,,nan,S
228,0,2,"Harris, Mr. George",male,,2,2,CA249433,12.67,nan,S
229,0,3,"Taylor, Mr. Robert",male,,0,0,CA385592,6.31,nan,C
230,1,3,"Davis, Miss Anna",female,,0,0,586356,1.91,nan,C
231,1,3,"White, Mrs. Anna",female,21.4,0,0,96672,15.79,C9,nan
232,0,3,"Thomas, Mrs. Elizabeth",female,,1,0,224773,0.0,nan,S
233,0,3,"Brown, Mrs. Bertha",female,,1,1,CA657994,9.83,E76,S
234,0,3,"Smith, Mrs. Mary",female,71.3,0,0,CA525381,15.7,nan,Q
235,0,1,"Jackson, Rev. George",male,47.4,0,0,A/545038,123.55,nan,S
236,0,3,"Wilson, Mr. Robert",male,,0,0,SC244707,0.0,nan,S
237,0,2,"Wilson, Mr. William",male,,1,0,A/803904,6.39,nan,S
238,1,1,"White, Mr. Thomas",male,36.7,0,2,CA19934,28.78,nan,S
239,0,3,"Brown, Mr. Charles",male,,0,0,CA302269,28.74,nan,S
240,1,1,"Johnson, Mrs. Alice",female,,2,0,480757,0.0,nan,S
241,0,3,"Taylor, Mr. William",male,26.4,0,0,876137,3.32,nan,S
242,0,3,"Taylor, Mr. Joseph",male,,0,0,A/340636,15.96,nan,S
243,0,3,"Davis, Mr. Edward",male,34.6,0,2,A/321168,10.63,nan,S
244,1,2,"Harris, Miss Ida",female,31.2,2,0,CA289351,19.67,nan,S
245,1,1,"Moore, Mr. Joseph",male,,0,0,A/761817,143.01,nan,C
246,1,3,"Brown, Miss Elizabeth",female,26.8,0,0,PC848694,6.16,nan,S
247,0,2,"Wilson, Mr. James",male,,0,1,SOTON258091,12.15,nan,S
248,0,3,"Moore, Mr. George",male,32.5,0,0,SOTON669425,27.61,nan,Q
249,0,3,"Miller, Mr. Edward",male,71.8,0,1,A/158873,7.45,nan,S
250,0,3,"Smith, Miss Mary",female,,0,0,SC947734,6.31,nan,S
251,0,2,"Brown, Dr. Henry",male,,5,2,A/478158,23.88,A120,S
252,1,2,"Davis, Mrs. Clara",female,42.9,0,0,PC567805,9.95,nan,C
253,0,3,"Davis, Mr. Edward",male,,0,0,SOTON251714,0.0,nan,C
254,0,2,"Brown, Mr. William",male,,0,0,A/719131,21.13,nan,Q
255,1,1,"Thomas, Miss Alice",female,,0,0,PC667409,71.65,B106,C
256,1,3,"Johnson, Mrs. Alice",female,58.8,1,2,CA763662,17.64,nan,S
257,1,3,"Davis, Mrs. Alice",female,14.2,0,1,398871,12.34,nan,S
258,1,3,"Harris, Mrs. Clara",female,,0,0,A/785891,0.0,nan,S
259,1,3,"Johnson, Mrs. Bertha",female,,0,0,SC808864,4.09,nan,S
260,1,1,"Williams, Miss Emma",female,37.8,0,0,CA497392,102.82,F143,S
261,1,3,"Harris, Miss Alice",female,,0,0,PC766573,4.34,F125,S
262,1,3,"Jackson, Mrs. Ida",female,24.2,0,0,PC630323,15.24,nan,S
263,1,1,"Jackson, Mrs. Margaret",female,,1,0,276894,156.03,C50,C
264,0,3,"Harris, Mr. James",male,43.7,2,0,SOTON773221,23.59,nan,S
265,1,3,"Williams, Mrs. Emma",female,,0,0,SOTON813597,0.0,nan,S
266,0,3,"Smith, Dr. Edward",male,12.6,2,0,549634,37.16,nan,S
267,1,3,"Thomas, Mrs. Anna",female,30.8,0,0,SOTON4514,21.44,nan,S
268,1,3,"Davis, Miss Alice",female,20.1,0,0,60207,12.98,nan,S
269,0,2,"Miller, Mr. Robert",male,12.4,0,3,CA150389,,nan,S
270,1,2,"Thomas, Mrs. Alice",female,27.0,0,0,CA25881,0.0,nan,S
271,0,3,"Thomas, Mr. Charles",male,,0,0,CA230905,0.0,B105,C
272,0,3,"Harris, Mr. Robert",male,,0,0,SOTON59308,10.52,E112,Q
273,1,3,"Anderson, Miss Anna",female,36.1,0,1,SOTON190086,0.0,nan,S
274,0,3,"Williams, Mr. Joseph",male,,0,0,SC254267,15.12,nan,S
275,1,3,"Smith, Miss Emma",female,,0,0,CA350117,17.02,B84,S
276,1,3,"Harris, Miss Anna",female,44.3,1,0,SC511576,12.57,F49,Q
277,0,3,"Davis, Mr. Charles",male,,0,0,CA545716,5.8,nan,S
278,0,3,"Brown, Mr. Robert",male,7.8,0,0,PC460387,0.0,nan,S
279,0,3,"Davis, Mr. John",male,3.7,0,1,CA61843,17.11,nan,C
280,0,3,"Miller, Mr. Henry",male,,0,1,SOTON343313,29.01,nan,S
281,0,3,"Taylor, Miss Minnie",female,,1,0,SC436293,6.5,E113,S
282,0,2,"Thomas, Mr. Thomas",male,,0,0,A/901514,11.83,nan,S
283,0,2,"Jackson, Mr. James",male,37.5,0,2,767079,21.29,E131,S
284,0,1,"Harris, Dr. Charles",male,,1,0,CA728498,121.39,nan,S
285,0,3,"Taylor, Mr. Joseph",male,,0,1,764488,8.67,A138,S
286,1,1,"Williams, Miss Mary",female,,0,0,234151,282.82,nan,C
287,0,3,"Smith, Dr. Edward",male,42.9,0,2,SC480221,4.64,nan,S
288,1,3,"Brown, Mrs. Mary",female,15.8,1,0,SOTON127283,8.67,nan,S
289,0,2,"Thomas, Mr. George",male,,0,2,CA535843,24.77,nan,S
290,1,3,"Johnson, Miss Minnie",female,,0,0,PC915493,0.0,nan,C
291,0,1,"Davis, Mr. Robert",male,,0,0,PC444409,151.92,nan,S
292,1,1,"Brown, Mr. Edward",male,,0,2,SOTON393838,,nan,S
293,1,3,"Anderson, Miss Ida",female,24.3,0,0,A/102173,0.91,nan,S
294,0,2,"Miller, Mr. Charles",male,,0,0,A/102980,19.41,nan,C
295,1,1,"Williams, Mrs. Margaret",female,39.1,0,0,CA914084,46.89,nan,S
296,0,3,"Wilson, Miss Anna",female,42.0,2,1,A/105122,5.64,nan,S
297,0,3,"Williams, Mr. Joseph",male,26.7,1,2,A/921644,2.24,G21,S
298,0,1,"Taylor, Mr. John",male,,0,0,CA149455,0.0,nan,C
299,1,3,"Jones, Mrs. Mary",female,9.7,1,1,732520,19.08,B72,S
300,0,1,"Miller, Mr. Charles",male,,0,0,PC153935,0.0,nan,S
301,1,1,"Johnson, Mr. Henry",male,,0,0,A/798809,98.89,nan,C
302,0,3,"Taylor, Mr. James",male,66.7,0,0,CA716883,15.21,nan,C
303,0,3,"Williams, Mr. John",male,,1,0,SOTON146942,15.83,nan,S
304,0,3,"Johnson, Mr. Robert",male,50.5,1,0,SC450167,9.21,nan,nan
305,0,3,"Smith, Miss Alice",female,,0,3,SOTON650054,4.76,nan,S
306,1,3,"Taylor, Mrs. Anna",female,33.9,2,0,261637,16.72,nan,S
307,0,3,"Williams, Miss Clara",female,54.6,0,0,SC239976,7.0,nan,C
308,1,2,"Wilson, Mrs. Anna",female,,1,3,A/659281,21.39,nan,S
309,0,3,"Harris, Mr. John",male,35.4,3,0,PC333414,0.0,nan,S
310,1,2,"Thomas, Mrs. Ida",female,,0,1,817760,28.14,nan,S
311,0,2,"Moore, Mr. Joseph",male,47.1,1,0,SC286282,18.96,nan,S
312,0,1,"Jackson, Mr. Robert",male,,0,1,493356,117.71,nan,S
313,0,1,"Thomas, Mr. James",male,,0,0,PC518681,30.85,nan,C
314,0,3,"Miller, Mr. Henry",male,11.5,0,2,SOTON796460,6.07,nan,C
315,1,3,"Moore, Dr. Emma",female,,0,0,671792,22.51,nan,S
316,1,3,"Taylor, Miss Elizabeth",female,,2,0,SOTON351771,0.0,nan,S
317,0,2,"Williams, Mr. Henry",male,29.1,0,0,PC213194,,nan,Q
318,0,1,"Jackson, Mr. Thomas",male,,0,0,PC551261,121.08,nan,S
319,1,1,"Thomas, Mrs. Emma",female,23.6,1,0,CA161045,133.33,nan,S
320,0,2,"Moore, Mr. Thomas",male,29.4,2,0,SOTON785313,25.88,nan,S
321,0,3,"Jones, Mr. William",male,30.8,0,0,SC362523,17.24,nan,S
322,0,3,"Thomas, Mr. Thomas",male,41.9,3,0,A/749112,20.73,nan,S
323,1,3,"Smith, Miss Clara",female,0.5,0,0,SC476135,15.65,nan,S
324,1,2,"Moore, Mrs. Elizabeth",female,,1,0,621473,3.98,B92,S
325,0,3,"Harris, Mr. James",male,33.0,0,0,SC117351,17.06,nan,S
326,0,3,"Johnson, Mr. Robert",male,46.8,0,0,A/209976,14.37,nan,S
327,1,3,"Thomas, Mrs. Margaret",female,,0,0,SC183277,23.3,nan,C
328,1,3,"Jones, Miss Mary",female,,0,0,CA527708,21.55,nan,C
329,0,2,"Harris, Mr. George",male,38.7,0,0,PC464069,27.68,F54,S
330,1,2,"Jones, Miss Alice",female,,0,0,SC90897,18.61,nan,S
331,0,2,"White, Rev. James",male,,0,1,PC125826,45.25,G77,Q
332,0,3,"Williams, Mr. James",male,21.3,1,0,A/516131,6.95,nan,S
333,1,1,"Johnson, Mrs. Bertha",female,,0,0,SC181161,136.33,nan,C
334,0,1,"Brown, Mr. Thomas",male,,0,0,SC786968,131.1,nan,S
335,0,1,"Smith, Mr. John",male,0.5,0,0,SOTON740617,53.43,nan,Q
336,0,1,"Williams, Mr. Edward",male,,0,0,SC753425,4.61,nan,S
337,0,3,"Davis, Mr. Robert",male,47.8,1,0,PC886691,13.18,nan,S
338,1,3,"Moore, Mrs. Alice",female,,1,0,CA436456,14.58,nan,S
339,0,3,"Anderson, Mr. George",male,14.1,0,0,A/215521,7.33,F142,S
340,1,1,"Taylor, Miss Anna",female,,0,0,SOTON249422,156.4,nan,S
341,0,3,"Anderson, Mr. William",male,29.9,1,0,486741,0.0,nan,S
342,0,3,"Davis, Mr. Charles",male,38.4,0,0,CA180508,5.35,nan,C
343,0,1,"Wilson, Mr. William",male,,1,0,946615,104.89,nan,S
344,1,2,"Williams, Miss Bertha",female,19.7,0,3,SC485245,23.84,nan,S
345,0,2,"Williams, Mr. James",male,,1,0,CA983543,16.9,nan,S
346,0,3,"Davis, Miss Bertha",female,36.4,0,0,SOTON270275,18.13,nan,S
347,0,3,"Johnson, Mr. Joseph",male,50.4,0,2,952031,18.73,nan,S
348,1,1,"Wilson, Mrs. Ida",female,39.9,2,0,163008,96.32,nan,S
349,0,2,"Johnson, Mr. William",male,,0,0,CA54441,21.78,nan,S
350,0,3,"Harris, Miss Clara",female,,0,1,SC764344,25.4,C52,S
351,0,3,"Williams, Miss Anna",female,,0,1,A/726267,0.57,nan,S
352,1,3,"Williams, Miss Minnie",female,,0,0,SOTON658025,3.94,nan,S
353,0,3,"Jones, Miss Bertha",female,17.9,0,0,PC207802,26.1,nan,S
354,1,1,"Thomas, Miss Margaret",female,,0,0,SOTON876784,184.83,B27,S
355,0,1,"Wilson, Mr. Joseph",male,,0,2,A/602037,213.77,nan,Q
356,0,3,"Johnson, Mr. James",male,,0,0,CA875580,0.0,nan,S
357,0,1,"Johnson, Mr. Edward",male,23.3,1,0,SOTON973091,129.82,nan,S
358,1,3,"Moore, Mrs. Emma",female,34.2,0,1,A/238012,0.21,nan,S
359,0,3,"Miller, Mr. Robert",male,,0,0,8344,8.45,C6,S
360,1,3,"Williams, Miss Mary",female,,0,0,CA333432,13.36,nan,S
361,0,2,"Brown, Mr. Joseph",male,,0,0,A/108879,22.29,nan,S
362,0,3,"White, Mr. John",male,53.8,0,0,SOTON964301,9.81,nan,Q
363,0,3,"Moore, Dr. Edward",male,,0,1,SOTON552896,24.8,nan,Q
364,1,3,"Davis, Mrs. Margaret",female,32.7,0,0,875966,28.72,B138,C
365,0,3,"Jackson, Mr. John",male,43.2,0,1,CA442850,28.78,nan,S
366,0,2,"White, Mr. Edward",male,15.5,0,0,CA507930,5.51,nan,S
367,0,3,"Harris, Dr. Joseph",male,,0,0,CA610342,0.0,nan,S
368,0,3,"Moore, Mr. Henry",male,55.3,0,3,PC694948,18.07,nan,Q
369,0,1,"Harris, Mr. Edward",male,,0,0,808810,48.14,nan,S
370,0,1,"Brown, Mr. Robert",male,18.1,0,0,PC356675,126.38,F53,S
371,1,1,"Williams, Mrs. Bertha",female,,0,0,SOTON651777,84.25,B42,S
372,0,1,"Williams, Rev. Robert",male,,1,1,SOTON675567,179.94,nan,S
373,1,1,"Anderson, Rev. Thomas",male,19.0,0,0,SC947058,160.65,nan,Q
374,0,3,"Davis, Mr. George",male,24.8,0,0,CA521674,24.95,nan,S
375,1,1,"Wilson, Mr. Edward",male,,0,0,A/194654,129.81,nan,S
376,0,2,"Davis, Mr. Thomas",male,30.2,0,0,PC123475,5.66,nan,S
377,0,3,"Jones, Mr. Henry",male,42.6,0,1,224378,7.51,nan,C
378,0,1,"Miller, Mr. Charles",male,17.3,0,0,SC58782,27.2,nan,S
379,0,3,"Smith, Mr. Edward",male,51.3,1,0,SC586887,4.12,nan,C
380,1,2,"Miller, Mrs. Bertha",female,37.2,0,0,205635,0.0,nan,S
381,1,1,"Brown, Mrs. Clara",female,,2,0,SOTON896377,26.3,nan,C
382,1,3,"White, Mrs. Minnie",female,,0,2,CA223047,32.62,G136,C
383,0,3,"Johnson, Rev. John",male,,0,0,CA877683,31.5,nan,S
384,0,3,"Anderson, Mr. Robert",male,,0,3,A/95535,3.28,nan,S
385,0,3,"Miller, Mr. Robert",male,42.5,0,0,PC501269,14.62,nan,S
386,0,3,"Williams, Mr. Edward",male,,0,0,785077,5.51,nan,S
387,1,2,"Johnson, Mrs. Bertha",female,,0,2,CA927216,0.0,nan,C
388,0,1,"Taylor, Mr. Thomas",male,13.5,0,0,SC761427,159.63,nan,S
389,0,3,"Wilson, Mr. William",male,,2,0,SC268361,21.93,F147,S
390,0,3,"Smith, Mr. William",male,38.4,1,3,A/872494,16.65,nan,S
391,1,3,"Taylor, Miss Mary",female,,0,0,CA181112,45.29,nan,S
392,0,2,"White, Mr. Charles",male,,0,0,CA997570,8.02,nan,C
393,0,2,"Thomas, Mr. George",male,,0,0,A/854467,12.65,C29,S
394,0,3,"Davis, Rev. Robert",male,,0,0,SOTON403885,8.68,B140,Q
395,0,2,"Johnson, Mr. Henry",male,,0,0,A/515591,13.89,F30,Q
396,0,3,"Thomas, Mr. Thomas",male,,0,0,878714,0.0,nan,S
397,0,3,"Harris, Mr. Charles",male,,0,0,PC527327,1.99,A47,S
398,0,2,"Anderson, Mr. James",male,,0,1,CA191091,2.04,nan,C
399,0,3,"Johnson, Mr. Robert",male,,3,0,PC988990,2.5,nan,S
400,0,3,"Miller, Mr. Charles",male,,1,0,CA275879,18.7,B124,S
401,1,1,"Davis, Mr. Thomas",male,,2,0,SOTON912254,10.72,E126,S
402,0,3,"Miller, Mr. Henry",male,15.9,0,0,633230,11.03,nan,S
403,1,3,"Jackson, Miss Elizabeth",female,,0,0,PC344063,22.84,nan,C
404,0,3,"Smith, Mrs. Elizabeth",female,,0,1,SC660254,4.57,nan,S
405,0,2,"Jones, Mr. George",male,,0,0,SC367675,35.96,nan,S
406,0,3,"Jackson, Mr. James",male,,0,1,PC54214,17.02,nan,Q
407,0,2,"Brown, Mr. William",male,26.3,0,2,CA589150,0.0,G51,C
408,0,1,"Jackson, Mr. Joseph",male,39.5,0,0,CA785256,0.0,nan,S
409,1,3,"White, Miss Emma",female,,0,0,SC412800,16.81,G58,C
410,0,1,"Smith, Mr. James",male,,0,0,SC900516,0.0,A125,S
411,1,2,"Johnson, Miss Mary",female,,0,0,954453,10.93,nan,C
412,0,3,"Wilson, Mr. Robert",male,34.7,0,1,CA622618,14.74,G120,S
413,0,3,"Williams, Mr. John",male,34.4,0,2,PC866020,22.02,nan,S
414,1,3,"Wilson, Miss Alice",female,,0,0,PC177339,10.85,nan,C
415,1,3,"Moore, Dr. Emma",female,,0,0,SOTON344802,16.27,nan,S
416,1,2,"Thomas, Miss Clara",female,,2,2,A/500668,24.68,nan,Q
417,1,2,"Brown, Mrs. Mary",female,38.6,0,2,898774,8.16,A112,S
418,0,2,"Miller, Mr. John",male,,1,0,A/539093,36.52,G54,Q
419,1,3,"Anderson, Miss Minnie",female,26.6,0,0,55716,36.49,nan,Q
420,0,3,"Taylor, Mr. Charles",male,,0,0,CA300519,16.1,nan,S
421,1,3,"Brown, Miss Clara",female,,0,2,373559,31.16,nan,C
422,0,3,"Jackson, Mr. Robert",male,,0,0,SC531122,6.08,E112,S
423,1,1,"Williams, Miss Mary",female,,0,0,PC654090,99.02,nan,Q
424,0,3,"Anderson, Mr. James",male,,1,0,SOTON678122,13.37,nan,S
425,1,1,"Jackson, Mr. James",male,11.6,0,0,CA369052,0.0,nan,C
426,0,3,"Jackson, Mr. James",male,38.7,0,0,893467,0.15,nan,nan
427,1,2,"White, Miss Emma",female,,0,5,SC684700,0.49,nan,S
428,0,3,"Jones, Mr. Henry",male,35.4,2,0,389910,22.04,B112,S
429,0,2,"Johnson, Mr. Joseph",male,,0,0,A/606632,41.74,nan,S
430,0,1,"Moore, Mr. Joseph",male,,0,0,SOTON986301,80.18,A89,C
431,0,1,"Taylor, Mr. Edward",male,44.3,0,0,CA523801,,nan,nan
432,0,3,"Johnson, Miss Bertha",female,33.5,1,0,PC764720,11.19,nan,S
433,0,3,"Johnson, Mr. James",male,,4,0,A/707817,26.22,nan,S
434,1,1,"Johnson, Miss Mary",female,,0,0,SOTON584439,17.85,nan,S
435,1,1,"Jones, Dr. Thomas",male,,1,0,195080,50.95,nan,S
436,0,3,"Harris, Mr. Robert",male,,1,0,PC57632,10.08,nan,C
437,1,1,"Davis, Mrs. Emma",female,,0,0,900891,0.0,nan,Q
438,1,3,"Wilson, Miss Ida",female,,0,2,CA609527,8.37,nan,S
439,0,3,"Davis, Mr. James",male,,0,2,SOTON807397,23.74,E56,S
440,0,1,"Brown, Mr. William",male,,3,0,SOTON639466,0.0,nan,S
441,1,1,"Jackson, Miss Margaret",female,,0,0,352230,165.78,nan,S
442,0,3,"Williams, Mr. Edward",male,,1,2,PC935609,20.56,nan,S
443,1,2,"Taylor, Miss Elizabeth",female,,0,0,A/886890,34.19,nan,C
444,1,2,"Moore, Miss Mary",female,38.8,1,1,916116,19.09,nan,S
445,1,3,"Moore, Miss Anna",female,,0,2,PC425817,22.79,nan,C
446,0,3,"Moore, Mr. Robert",male,21.7,0,0,CA360225,6.32,nan,S
447,0,3,"Jones, Mrs. Emma",female,,1,0,412832,10.8,nan,S
448,0,3,"Davis, Mr. Edward",male,,1,2,567713,28.39,nan,S
449,0,2,"Davis, Mr. Charles",male,22.9,1,0,SOTON430067,14.96,nan,S
450,0,1,"Davis, Mr. Charles",male,15.2,0,0,PC483977,44.08,B66,S
451,0,3,"Miller, Mr. Henry",male,50.7,1,0,782527,9.9,nan,C
452,1,3,"Anderson, Miss Margaret",female,57.5,0,0,SC268535,26.54,nan,S
453,1,2,"Williams, Miss Alice",female,,0,0,SC194540,8.28,D81,C
454,1,3,"Wilson, Mrs. Minnie",female,44.2,0,0,SOTON293381,3.02,nan,S
455,1,1,"Thomas, Mr. John",male,,0,5,SC256665,79.48,nan,S
456,0,3,"Jackson, Mr. Edward",male,,0,0,CA337644,31.4,nan,S
457,0,1,"Johnson, Mr. Edward",male,,5,0,A/375924,69.5,nan,S
458,1,3,"Thomas, Miss Margaret",female,,0,0,A/290112,11.61,C96,S
459,0,1,"Smith, Mr. George",male,,0,0,CA172277,261.61,nan,S
460,1,1,"Johnson, Miss Minnie",female,,0,0,SOTON961045,0.0,nan,S
461,0,1,"Davis, Mr. Edward",male,,0,3,CA747577,3.51,nan,S
462,0,3,"Taylor, Mr. George",male,,0,1,366651,0.0,D68,S
463,1,3,"Jones, Mrs. Minnie",female,,2,0,CA16430,17.86,nan,S
464,0,3,"Davis, Mr. Charles",male,,1,0,SOTON665393,0.0,nan,S
465,1,3,"Smith, Miss Minnie",female,34.8,1,0,PC180594,3.79,F119,Q
466,1,2,"Jackson, Mrs. Mary",female,,4,0,CA385090,28.37,nan,S
467,0,2,"Harris, Mr. Charles",male,42.0,0,0,SC318278,21.07,nan,C
468,0,3,"Davis, Mr. Henry",male,35.8,0,0,CA299232,,nan,S
469,1,1,"Moore, Mr. William",male,,0,4,SOTON724624,139.83,nan,S
470,1,3,"White, Miss Anna",female,30.6,0,0,A/133667,0.0,nan,S
471,0,1,"Taylor, Mr. Edward",male,,0,0,PC491320,254.44,nan,Q
472,0,3,"Smith, Mr. William",male,0.5,0,1,PC892581,7.02,nan,S
473,0,1,"Miller, Mr. Henry",male,25.8,0,0,SOTON646912,210.66,nan,C
474,1,3,"Williams, Mrs. Mary",female,,0,0,PC848122,33.17,nan,S
475,0,3,"White, Mr. John",male,13.9,0,0,PC603126,3.45,nan,S
476,1,3,"Harris, Miss Margaret",female,,0,0,PC109484,19.13,nan,S
477,1,1,"Taylor, Miss Minnie",female,27.1,0,1,SOTON183636,70.71,C141,S
478,0,3,"Williams, Mr. James",male,54.6,0,0,324498,6.43,nan,S
479,0,3,"Miller, Mr. Edward",male,,0,1,SC453517,0.0,E34,S
480,1,3,"Moore, Dr. Mary",female,23.5,1,0,CA228827,12.86,nan,S
481,0,3,"White, Rev. James",male,27.9,0,0,PC178284,11.1,nan,Q
482,1,3,"Miller, Dr. Minnie",female,,0,1,SC714136,8.21,nan,S
483,0,3,"Wilson, Mr. Edward",male,23.7,1,0,PC727746,17.87,E76,C
484,0,3,"Williams, Mr. Robert",male,,0,0,SC819148,4.74,C137,S
485,0,3,"Miller, Miss Minnie",female,19.4,0,0,CA914758,0.33,nan,S
486,0,3,"Jones, Mr. William",male,14.2,1,0,122921,14.2,B39,Q
487,0,1,"Harris, Mr. John",male,,0,0,SC618769,110.65,nan,C
488,0,2,"Brown, Mr. Joseph",male,,1,0,SC922523,26.41,nan,C
489,0,3,"Johnson, Mr. James",male,,1,0,A/47873,23.21,G15,S
490,0,3,"Johnson, Mr. George",male,,0,0,SC655529,0.0,D132,S
491,0,3,"Johnson, Mr. George",male,,0,2,978074,6.64,D119,S
492,1,3,"White, Miss Elizabeth",female,33.5,0,0,SOTON357816,10.16,nan,S
493,0,2,"Wilson, Mr. George",male,41.5,0,1,PC793553,0.57,nan,S
494,1,1,"Anderson, Miss Emma",female,29.5,0,0,SC83445,50.94,nan,C
495,0,3,"Brown, Mr. George",male,,0,0,A/50987,33.58,nan,C
496,1,2,"Davis, Dr. Clara",female,,0,1,SOTON915647,10.68,D26,S
497,0,3,"Smith, Mr. John",male,,0,0,SOTON556976,39.85,nan,S
498,1,1,"Williams, Miss Mary",female,,0,0,A/109406,0.0,nan,C
499,0,3,"Anderson, Mr. Robert",male,19.5,0,0,PC660409,14.01,nan,S
500,0,3,"Smith, Mr. James",male,27.5,0,0,SOTON781882,18.24,nan,S
501,0,3,"Taylor, Mr. Edward",male,,1,0,SOTON755056,40.83,nan,S
502,0,3,"Moore, Mr. Robert",male,,0,0,PC307688,2.07,nan,S
503,0,2,"Davis, Mr. John",male,,0,1,SOTON687066,46.7,B59,Q
504,0,3,"Williams, Mr. Charles",male,26.4,2,0,A/428209,4.7,nan,S
505,1,3,"Thomas, Miss Emma",female,,0,2,SOTON151161,13.35,C117,S
506,1,1,"Anderson, Rev. John",male,29.1,0,2,797425,66.87,nan,S
507,0,3,"Davis, Mr. Joseph",male,,0,0,CA512889,13.25,nan,C
508,0,3,"Taylor, Mr. Henry",male,,0,0,PC339141,31.63,nan,C
509,0,3,"Anderson, Miss Clara",female,20.9,0,2,CA7242,14.67,F138,S
510,0,3,"Jones, Mr. James",male,,0,2,CA637904,9.78,nan,S
511,0,3,"Jones, Mr. Henry",male,,0,0,SC516214,6.2,nan,S
512,0,2,"Jones, Mr. Charles",male,,1,0,610668,24.39,nan,S
513,1,3,"Harris, Mrs. Clara",female,,0,0,SC502109,3.92,nan,S
514,1,3,"Davis, Mrs. Bertha",female,,0,0,SOTON884654,33.31,C114,S
515,1,1,"Moore, Mr. William",male,,1,0,A/781248,6.5,F73,S
516,1,1,"Williams, Miss Elizabeth",female,23.6,0,0,714839,94.6,nan,S
517,1,2,"Miller, Mrs. Bertha",female,32.5,1,0,SC747256,0.0,nan,S
518,0,3,"Harris, Mr. Henry",male,,0,0,PC104467,24.34,E27,C
519,1,3,"Anderson, Miss Clara",female,22.2,1,0,SC342977,25.04,nan,S
520,0,1,"Brown, Mr. William",male,,0,0,PC875756,265.32,nan,S
521,0,3,"Brown, Mr. William",male,17.0,1,0,PC552299,7.21,nan,Q
522,0,2,"Moore, Mr. Thomas",male,29.6,2,0,SOTON94593,23.12,nan,S
523,0,3,"Jackson, Mr. Thomas",male,,0,0,SOTON150519,17.5,nan,S
524,0,3,"Moore, Mr. George",male,38.0,0,0,SC87677,20.33,D77,S
525,1,3,"Smith, Miss Alice",female,,0,0,SOTON994381,0.0,nan,S
526,0,3,"Brown, Mr. William",male,,0,3,CA468894,7.99,nan,C
527,0,2,"Wilson, Mr. Thomas",male,,0,0,A/327727,25.11,G139,S
528,0,2,"Smith, Mr. Charles",male,,0,0,PC82468,40.68,nan,C
529,1,1,"Miller, Mrs. Anna",female,67.7,0,0,CA799449,75.02,nan,S
530,0,3,"Smith, Mr. William",male,34.9,0,3,CA38880,4.93,nan,S
531,0,3,"White, Dr. Edward",male,15.9,0,0,SOTON107360,9.69,nan,S
532,0,3,"Harris, Mr. Edward",male,28.7,0,0,PC720968,0.0,E111,S
533,0,3,"Smith, Mr. Joseph",male,,0,0,SOTON258034,15.06,nan,S
534,1,3,"Smith, Miss Anna",female,,0,0,SC48266,12.51,nan,S
535,1,3,"Taylor, Miss Emma",female,,0,0,A/190287,4.98,nan,S
536,0,3,"Taylor, Mr. Charles",male,,0,0,A/585944,10.92,nan,S
537,0,3,"Moore, Mrs. Alice",female,,0,0,PC77844,,E103,C
538,0,2,"Johnson, Mr. Charles",male,,0,0,CA362040,31.23,nan,S
539,1,3,"Davis, Mrs. Emma",female,,0,0,A/590804,0.0,nan,Q
540,0,1,"Thomas, Mr. John",male,54.3,1,0,986701,99.73,nan,S
541,0,3,"Jones, Mr. William",male,,0,1,501314,6.03,nan,S
542,0,3,"Taylor, Mr. George",male,55.7,0,0,CA936727,11.94,nan,C
543,1,1,"Brown, Miss Elizabeth",female,41.4,0,1,CA855399,0.25,nan,S
544,0,3,"Taylor, Mr. Edward",male,,1,0,SC202961,51.82,nan,S
545,0,3,"Jackson, Mr. John",male,,2,0,527025,0.0,nan,S
546,0,2,"Taylor, Rev. Edward",male,,0,0,SC950980,7.75,A63,S
547,1,1,"Jones, Mrs. Margaret",female,3.0,0,2,144398,80.89,nan,S
548,0,3,"Taylor, Mr. Charles",male,26.1,1,0,A/276055,7.07,nan,Q
549,1,3,"Harris, Mrs. Minnie",female,,0,0,PC810067,5.08,G110,S
550,1,3,"Thomas, Mrs. Elizabeth",female,29.3,0,0,SOTON923717,0.62,nan,C
551,0,3,"Thomas, Mr. Robert",male,,0,0,SOTON326689,12.55,A7,S
552,1,3,"Taylor, Mrs. Elizabeth",female,,0,0,SC241655,0.0,A4,S
553,0,3,"Thomas, Mr. Charles",male,53.9,2,0,SC220973,23.41,nan,S
554,1,3,"Jones, Miss Margaret",female,,5,0,SC836551,13.61,nan,C
555,0,3,"Taylor, Mr. Joseph",male,29.1,1,0,PC849036,17.65,nan,C
556,1,2,"Anderson, Mrs. Clara",female,43.3,0,0,SC601790,22.59,nan,S
557,1,1,"Anderson, Miss Margaret",female,24.9,1,0,CA171386,63.91,nan,S
558,1,1,"Johnson, Mrs. Elizabeth",female,,0,0,SOTON858473,78.57,nan,S
559,1,3,"Smith, Miss Margaret",female,17.1,0,0,CA71793,0.2,nan,S
560,0,3,"White, Mr. James",male,,1,0,SOTON268053,9.06,nan,S
561,0,3,"Johnson, Mr. George",male,26.2,0,0,CA15866,3.54,nan,C
562,1,1,"Brown, Miss Minnie",female,,0,3,877836,82.89,G44,S
563,0,1,"Wilson, Rev. Edward",male,25.8,0,2,A/245734,95.67,nan,C
564,0,1,"Williams, Dr. William",male,,1,1,291604,91.63,nan,S
565,1,2,"Moore, Mrs. Alice",female,52.8,0,0,SC200841,25.19,nan,S
566,0,3,"Davis, Mrs. Alice",female,,0,0,CA781331,25.8,G98,S
567,1,2,"Thomas, Miss Bertha",female,27.8,0,0,PC530490,16.42,C41,S
568,0,2,"Brown, Mr. George",male,,1,0,SOTON261731,,nan,C
569,1,3,"White, Miss Minnie",female,,1,0,A/721687,1.03,D80,S
570,0,2,"Jones, Rev. Henry",male,50.7,0,1,949742,33.93,nan,S
571,1,3,"Smith, Mrs. Mary",female,,0,1,A/655676,,B100,S
572,0,3,"Davis, Mr. Joseph",male,,0,1,PC84583,12.65,nan,S
573,1,2,"Taylor, Miss Anna",female,,3,0,710649,12.37,nan,S
574,1,3,"Johnson, Mrs. Emma",female,21.8,0,0,PC585352,6.06,nan,C
575,0,3,"Miller, Mr. Charles",male,,2,0,CA475392,17.76,nan,S
576,1,3,"Miller, Mrs. Minnie",female,21.5,0,0,869773,5.11,E25,C
577,0,1,"Brown, Mr. Robert",male,22.5,1,0,705259,164.64,nan,S
578,1,3,"Brown, Miss Clara",female,22.3,1,0,SOTON482981,0.0,D42,S
579,1,3,"Williams, Miss Margaret",female,,1,0,CA34033,13.23,nan,Q
580,0,2,"Jackson, Mr. Robert",male,14.5,2,0,A/2378,31.21,nan,S
581,1,3,"Wilson, Mrs. Margaret",female,33.1,0,0,699134,12.26,nan,C
582,1,3,"Brown, Dr. Minnie",female,47.1,0,1,PC644392,1.18,nan,S
583,0,3,"Jackson, Mr. William",male,22.8,0,0,CA136886,4.39,E50,S
584,0,2,"Thomas, Mr. Edward",male,,1,1,PC714695,32.4,nan,C
585,1,3,"Taylor, Miss Margaret",female,,0,0,SC286907,15.72,nan,C
586,1,2,"Smith, Mrs. Anna",female,,0,0,PC475040,48.63,nan,S
587,1,1,"Moore, Mrs. Ida",female,,0,0,A/181940,124.41,nan,S
588,1,1,"Anderson, Miss Bertha",female,22.6,0,0,PC670587,42.72,B107,S
589,0,1,"Moore, Mr. William",male,36.8,0,3,PC897681,16.2,nan,C
590,1,1,"Harris, Mrs. Elizabeth",female,,0,0,SC174808,83.15,G129,S
591,1,1,"Taylor, Mr. George",male,39.5,1,0,SC403867,94.71,nan,C
592,0,3,"Williams, Mr. Henry",male,,0,0,SOTON342140,0.0,nan,S
593,0,1,"Taylor, Mr. Edward",male,,0,2,828266,69.64,E145,S
594,0,2,"Moore, Mr. Joseph",male,,0,0,CA166189,37.9,nan,S
595,0,3,"Davis, Dr. Charles",male,17.6,0,0,A/209130,27.3,nan,S
596,0,3,"Jones, Mr. Joseph",male,37.5,1,0,CA916360,23.56,nan,Q
597,1,3,"White, Miss Bertha",female,,1,0,A/619028,0.0,nan,S
598,0,1,"Harris, Mr. Joseph",male,21.1,0,0,SC9689,85.25,E60,Q
599,0,1,"Miller, Mr. Henry",male,,1,0,CA211670,145.98,nan,S
600,1,1,"Wilson, Mr. John",male,,1,0,SOTON673051,159.94,B85,C
601,1,1,"Taylor, Mr. James",male,,1,1,SOTON533070,44.72,nan,C
602,0,2,"Anderson, Mr. Thomas",male,29.6,0,0,PC668900,54.35,nan,S
603,0,1,"Johnson, Mr. Joseph",male,17.3,2,0,SOTON748916,24.24,nan,S
604,1,1,"Thomas, Mr. Henry",male,16.9,0,0,CA844087,0.0,nan,S
605,1,1,"Brown, Miss Mary",female,20.7,0,0,PC588465,108.17,B7,C
606,0,3,"Johnson, Mr. Robert",male,34.1,0,0,SC804309,5.65,nan,nan
607,0,1,"Jackson, Mr. John",male,,0,0,117435,51.66,nan,S
608,0,2,"Moore, Mr. George",male,0.5,0,0,47233,22.34,C27,C
609,1,3,"Miller, Mrs. Emma",female,0.5,0,0,900898,14.04,C75,S
610,0,3,"Miller, Mr. George",male,21.5,0,0,PC623260,32.87,nan,S
611,0,1,"Miller, Mr. Robert",male,36.4,1,0,SOTON915617,0.0,D40,C
612,0,3,"Smith, Mr. William",male,0.5,1,0,PC124811,14.07,nan,S
613,0,3,"Wilson, Mr. Henry",male,23.0,0,0,CA60269,25.28,nan,C
614,0,1,"Moore, Mr. William",male,22.6,1,0,SC452614,85.22,nan,nan
615,0,3,"Thomas, Mr. William",male,,1,2,A/849327,18.49,nan,S
616,0,3,"Anderson, Mr. James",male,,1,1,A/622671,9.24,nan,S
617,0,1,"Wilson, Rev. Robert",male,,0,0,298428,68.35,nan,S
618,0,2,"Davis, Dr. George",male,,1,0,PC863124,42.2,nan,C
619,1,3,"White, Miss Elizabeth",female,,2,1,230297,6.64,nan,S
620,1,3,"Moore, Mrs. Minnie",female,,1,1,PC246954,12.15,A23,S
621,1,1,"Taylor, Miss Alice",female,,0,1,469089,55.22,F67,S
622,1,1,"Moore, Mrs. Margaret",female,,0,0,751707,100.68,nan,S
623,0,2,"Johnson, Mr. Thomas",male,,0,0,SOTON175115,,nan,C
624,0,3,"Wilson, Mr. Henry",male,0.8,0,1,A/620140,12.43,nan,S
625,0,3,"Harris, Mr. James",male,,0,0,PC197062,34.03,nan,S
626,0,2,"Harris, Mr. Thomas",male,,0,0,A/607151,35.88,nan,Q
627,1,3,"Miller, Miss Mary",female,34.0,1,0,CA541993,27.84,nan,S
628,0,3,"Brown, Mr. Thomas",male,29.4,1,0,SOTON863447,13.27,nan,C
629,1,1,"Johnson, Mrs. Mary",female,,0,0,PC340003,0.0,nan,S
630,0,2,"Smith, Mr. William",male,,2,0,CA155161,15.96,nan,S
631,1,3,"Taylor, Miss Elizabeth",female,,0,0,SC362278,30.16,nan,C
632,0,3,"Harris, Mr. John",male,,0,0,SC743886,0.0,nan,S
633,0,3,"Thomas, Mr. George",male,40.5,1,0,SC4877,0.0,nan,S
634,0,3,"Harris, Mr. James",male,,1,0,PC729572,27.4,nan,S
635,1,1,"Jones, Mr. John",male,,2,0,A/756244,58.2,nan,S
636,0,2,"Davis, Mr. John",male,,0,0,SOTON829800,17.88,nan,S
637,0,3,"Jones, Mr. James",male,47.6,1,1,SC386198,0.0,nan,C
638,1,2,"Taylor, Miss Emma",female,,0,0,PC877098,20.94,B12,S
639,0,2,"Jones, Dr. Edward",male,,1,0,CA523126,29.6,D140,S
640,0,2,"Anderson, Mr. James",male,19.8,1,0,PC574709,5.14,nan,C
641,0,1,"Johnson, Mr. Henry",male,40.6,0,1,SC384382,174.47,nan,S
642,1,2,"Taylor, Mrs. Anna",female,,0,0,SOTON18077,23.03,nan,S
643,0,1,"Anderson, Mr. Henry",male,,1,0,445451,3.98,nan,C
644,0,2,"Johnson, Mr. Thomas",male,,0,0,SOTON594791,12.36,nan,C
645,0,1,"Anderson, Mr. Thomas",male,39.4,0,0,SOTON58477,92.36,nan,S
646,0,3,"Harris, Mr. Charles",male,31.4,1,1,PC604035,24.81,nan,S
647,1,3,"Jones, Miss Minnie",female,48.1,0,1,CA293517,6.06,D136,S
648,0,3,"Thomas, Mr. Henry",male,,1,0,580565,9.72,F9,S
649,0,3,"White, Mr. Thomas",male,40.4,0,0,A/580408,21.46,nan,S
650,1,3,"Miller, Mrs. Elizabeth",female,,0,0,PC579523,7.2,nan,C
651,1,1,"White, Rev. Charles",male,29.1,1,0,874286,106.7,nan,Q
652,0,3,"Thomas, Mr. Thomas",male,31.3,0,0,114307,17.39,nan,C
653,0,3,"Wilson, Mr. William",male,33.5,0,0,PC672207,21.64,E139,S
654,1,3,"Wilson, Miss Minnie",female,28.4,1,0,SOTON531863,0.0,nan,C
655,0,2,"Harris, Mr. Robert",male,33.0,0,0,SOTON136915,3.55,nan,S
656,1,1,"Johnson, Mrs. Clara",female,,0,2,SOTON926243,85.05,nan,S
657,0,2,"Johnson, Mr. James",male,,0,0,SC839093,8.65,D2,S
658,0,2,"Miller, Mr. James",male,,1,1,88942,17.31,D80,nan
659,0,3,"Harris, Mr. Robert",male,,1,0,SC898168,30.69,nan,C
660,1,3,"Moore, Mrs. Minnie",female,,1,0,A/73968,27.89,nan,S
661,0,2,"Davis, Mr. John",male,,0,0,81684,9.12,nan,S
662,1,3,"White, Miss Alice",female,,1,0,PC77730,28.88,nan,Q
663,1,3,"Thomas, Miss Mary",female,,0,0,SOTON466377,16.21,E58,S
664,1,1,"Harris, Mr. Henry",male,21.5,1,0,SC786932,158.72,nan,C
665,1,1,"Jackson, Mr. Joseph",male,,0,5,A/470259,224.99,G7,S
666,0,1,"Davis, Mr. Edward",male,,1,0,SOTON412913,,nan,S
667,0,2,"Harris, Mr. Charles",male,,1,0,SOTON192735,22.73,D73,Q
668,1,1,"Miller, Miss Elizabeth",female,,0,2,A/892751,63.96,nan,S
669,1,1,"Taylor, Miss Clara",female,23.5,0,0,489835,108.01,E142,S
670,0,2,"Thomas, Mr. Joseph",male,,1,0,107086,35.23,nan,S
671,0,1,"Brown, Dr. Charles",male,,0,0,892674,0.0,nan,S
672,1,3,"Smith, Mrs. Minnie",female,,2,1,SC520892,13.61,F145,S
673,0,1,"Jones, Mr. Thomas",male,,0,3,SC563568,98.03,nan,S
674,1,3,"Smith, Miss Clara",female,,0,3,SC61706,0.0,nan,S
675,0,2,"Taylor, Mr. Joseph",male,,0,0,CA216342,12.88,B142,C
676,1,3,"Williams, Miss Emma",female,27.4,0,1,SOTON971644,13.36,nan,S
677,0,1,"Wilson, Mr. William",male,7.2,2,0,PC184094,142.57,nan,S
678,0,2,"Anderson, Mr. George",male,,0,0,833888,9.57,nan,S
679,0,3,"Thomas, Mr. Joseph",male,40.9,1,0,A/918297,16.42,B147,Q
680,0,3,"Wilson, Mr. George",male,,0,0,SC606196,0.6,nan,Q
681,0,3,"Wilson, Mr. John",male,51.3,0,3,PC438983,0.27,nan,S
682,1,2,"Brown, Miss Emma",female,,0,2,A/865384,20.57,nan,C
683,1,1,"Davis, Mrs. Mary",female,54.5,0,0,PC506465,147.91,nan,S
684,0,3,"Davis, Mr. Edward",male,,3,0,A/165857,7.15,nan,S
685,0,3,"Davis, Mr. William",male,,0,0,A/583964,18.51,nan,S
686,0,3,"Taylor, Mr. Thomas",male,,0,1,SOTON533661,2.19,nan,S
687,0,3,"White, Mr. John",male,14.5,0,0,SOTON187983,30.66,nan,S
688,0,2,"Anderson, Mr. Thomas",male,18.5,0,0,A/904571,27.68,nan,S
689,0,3,"Miller, Mr. Joseph",male,21.5,0,0,PC136772,0.0,nan,nan
690,0,1,"Harris, Rev. Joseph",male,22.6,1,0,145973,0.0,nan,C
691,0,2,"Jackson, Mr. Edward",male,,0,0,165500,15.17,nan,S
692,0,2,"Moore, Mr. Henry",male,,0,2,SOTON692047,0.79,nan,C
693,0,3,"Miller, Mr. Edward",male,,0,0,126074,21.43,nan,S
694,1,2,"Brown, Miss Minnie",female,,3,0,PC294996,44.6,nan,S
695,1,1,"Jackson, Mr. Henry",male,22.0,0,0,SC261346,181.7,nan,S
696,0,3,"Anderson, Mrs. Elizabeth",female,4.5,0,0,CA982706,,nan,S
697,0,2,"Miller, Mr. John",male,,0,3,CA179350,8.68,nan,S
698,0,3,"Brown, Mr. Charles",male,,0,0,A/293009,6.89,nan,C
699,1,1,"Miller, Mrs. Emma",female,,0,0,CA488045,176.9,nan,S
700,1,3,"Wilson, Miss Minnie",female,10.8,0,0,429737,11.98,C47,S
701,0,3,"Taylor, Miss Mary",female,,1,0,CA656056,0.0,nan,S
702,0,1,"Jones, Mr. Joseph",male,,0,0,CA197591,41.26,nan,S
703,0,2,"Miller, Mr. Thomas",male,,1,0,902321,0.0,nan,C
704,1,1,"Thomas, Miss Minnie",female,,0,0,SC19409,140.48,nan,S
705,1,1,"Anderson, Mr. William",male,,0,0,307677,184.68,nan,Q
706,0,3,"Jones, Mr. Thomas",male,,0,0,SOTON496741,16.57,nan,Q
707,0,2,"Davis, Mr. William",male,,0,0,PC791103,0.08,B32,S
708,0,3,"Taylor, Mr. William",male,33.7,1,0,617196,0.0,nan,S
709,1,2,"Miller, Miss Ida",female,47.8,0,0,A/51756,12.05,nan,C
710,0,3,"Thomas, Mr. George",male,40.3,0,1,SC684440,12.7,nan,Q
711,0,3,"Taylor, Mr. George",male,34.0,0,2,PC601635,34.48,nan,S
712,0,3,"Thomas, Mr. Charles",male,,5,0,448427,20.56,nan,C
713,0,3,"Moore, Mr. Edward",male,16.6,0,0,PC573381,29.9,nan,C
714,0,2,"Moore, Mr. John",male,,2,0,PC892856,8.51,nan,S
715,0,2,"Moore, Mr. George",male,31.3,0,0,A/185588,21.72,nan,nan
716,0,3,"Jones, Mr. Edward",male,,0,1,SOTON38487,14.29,F45,C
717,1,3,"Taylor, Mrs. Emma",female,,0,0,SOTON41849,15.6,nan,S
718,0,3,"Anderson, Mr. Robert",male,51.2,0,0,A/601688,2.67,G23,S
719,0,1,"Johnson, Mr. Charles",male,38.4,0,1,PC91930,210.27,nan,S
720,0,3,"Anderson, Miss Clara",female,,0,1,837131,10.74,nan,S
721,1,3,"White, Miss Mary",female,,2,0,PC877902,30.66,B141,S
722,1,1,"Davis, Mr. Joseph",male,16.7,1,0,CA407923,190.34,nan,C
723,0,1,"Jackson, Rev. John",male,,1,0,SC882455,36.8,C98,S
724,0,3,"Smith, Mr. Charles",male,33.6,0,0,A/808463,2.7,nan,S
725,1,3,"Moore, Mrs. Minnie",female,,0,2,SC892417,0.0,nan,S
726,0,3,"Anderson, Miss Anna",female,34.7,0,1,768839,25.98,nan,S
727,1,1,"Miller, Mrs. Alice",female,,1,1,A/968077,0.0,nan,nan
728,0,3,"Harris, Mr. Charles",male,3.3,2,0,PC244349,26.8,B15,S
729,1,1,"Davis, Miss Margaret",female,,0,1,PC512854,187.17,E87,S
730,1,1,"Anderson, Mr. John",male,,0,0,SC331827,70.81,nan,S
731,0,1,"Miller, Mr. Robert",male,,0,0,CA744708,90.21,nan,S
732,0,3,"Jones, Mr. James",male,,0,0,CA476521,11.28,nan,S
733,1,3,"Jones, Miss Elizabeth",female,11.3,0,0,446185,16.77,nan,Q
734,0,3,"Brown, Mr. William",male,,0,0,A/702916,26.68,nan,S
735,1,2,"Jackson, Miss Emma",female,,1,0,A/434099,6.01,nan,S
736,0,3,"Smith, Mr. Edward",male,,0,0,SOTON152944,5.83,nan,C
737,0,2,"Davis, Mr. Charles",male,,0,0,PC649207,32.45,nan,S
738,0,3,"Anderson, Rev. Edward",male,,4,0,PC754646,,B3,S
739,0,2,"Jackson, Mr. George",male,48.6,0,0,SOTON45537,18.06,D65,S
740,1,2,"Miller, Miss Clara",female,12.0,0,0,634542,1.4,nan,S
741,0,3,"Smith, Mr. Joseph",male,,0,1,CA935364,13.58,B17,C
742,1,2,"Williams, Miss Elizabeth",female,,0,0,SOTON424959,16.12,nan,Q
743,1,3,"Taylor, Mrs. Alice",female,,0,0,164277,7.75,nan,S
744,1,3,"Harris, Mrs. Alice",female,8.7,1,0,PC18645,31.45,nan,S
745,1,1,"Williams, Mr. George",male,,0,1,466075,62.75,nan,S
746,0,3,"Wilson, Mr. William",male,23.7,0,0,CA838166,26.1,A89,Q
747,0,2,"Moore, Mr. Robert",male,37.7,0,0,CA586202,44.28,nan,C
748,1,3,"Brown, Mrs. Minnie",female,46.8,0,0,A/878292,0.0,E59,S
749,0,3,"Johnson, Miss Alice",female,23.5,1,0,SOTON961850,42.82,nan,S
750,0,3,"Williams, Mr. Edward",male,,1,0,A/145051,12.3,nan,S
751,1,1,"Brown, Mrs. Elizabeth",female,46.2,0,0,CA381895,0.0,nan,S
752,0,3,"Johnson, Mr. James",male,3.8,1,0,SC663588,0.0,nan,S
753,0,3,"Harris, Mr. Charles",male,,0,0,SC121354,10.58,nan,S
754,0,2,"Thomas, Mr. George",male,,3,0,CA107500,32.79,nan,S
755,1,1,"Moore, Mrs. Clara",female,,0,0,SOTON596196,101.42,nan,Q
756,0,3,"Davis, Mr. Robert",male,22.9,3,0,PC246377,9.72,nan,Q
757,1,3,"Jackson, Mrs. Margaret",female,,1,0,PC553073,19.97,nan,S
758,1,3,"Jackson, Miss Ida",female,,0,0,345901,8.74,nan,S
759,1,3,"Anderson, Miss Bertha",female,,0,0,A/886922,0.0,nan,C
760,0,3,"Taylor, Mr. Joseph",male,,4,0,739761,11.36,nan,S
761,0,1,"Brown, Mr. Robert",male,,1,1,SC897200,43.61,nan,S
762,0,2,"Williams, Mr. Thomas",male,30.8,0,2,SOTON801484,16.55,C42,S
763,0,2,"Taylor, Mr. William",male,,1,0,A/204940,37.81,nan,S
764,0,3,"White, Mr. William",male,25.2,0,0,596063,,nan,S
765,1,1,"Johnson, Mrs. Bertha",female,,0,0,76614,41.98,C94,S
766,0,3,"Taylor, Mr. John",male,,0,1,PC750567,2.56,A144,S
767,0,3,"Thomas, Mr. Charles",male,,0,0,A/232673,24.67,G118,S
768,0,3,"Johnson, Mr. James",male,,1,0,SOTON451757,8.23,nan,S
769,0,2,"Davis, Rev. George",male,,0,1,SOTON375154,15.74,nan,S
770,0,3,"Wilson, Rev. John",male,21.8,1,0,CA630910,8.98,nan,C
771,0,1,"Brown, Mr. James",male,,0,1,932035,44.02,nan,S
772,1,3,"Miller, Mrs. Elizabeth",female,40.0,0,0,A/977539,20.56,D29,S
773,0,1,"Jackson, Mr. James",male,,0,0,CA931976,,nan,S
774,1,2,"Anderson, Miss Elizabeth",female,,0,1,CA28134,23.79,nan,S
775,1,3,"Johnson, Miss Mary",female,,0,0,930948,7.74,nan,S
776,1,1,"Thomas, Mr. Edward",male,,0,0,CA218129,117.37,nan,C
777,1,1,"Anderson, Miss Bertha",female,46.8,0,0,SOTON392470,0.0,nan,S
778,0,3,"Wilson, Mr. Robert",male,10.8,0,2,CA416282,0.0,nan,S
779,1,3,"Smith, Miss Minnie",female,,0,0,656355,13.25,A81,S
780,0,3,"Brown, Mr. Robert",male,26.0,0,0,SOTON561477,19.87,F49,S
781,1,3,"Jones, Miss Emma",female,19.0,1,0,A/195549,15.13,nan,S
782,0,3,"Smith, Miss Emma",female,54.3,1,0,CA814716,27.41,nan,S
783,1,2,"Johnson, Mrs. Clara",female,18.0,0,0,A/962164,24.69,nan,S
784,1,2,"Brown, Miss Anna",female,,0,0,180096,17.19,nan,S
785,1,1,"Johnson, Mr. Robert",male,,0,0,848737,131.87,D79,S
786,0,3,"Davis, Mr. Thomas",male,,2,2,SC83176,14.09,nan,S
787,0,3,"Brown, Mr. Charles",male,,0,0,CA908076,8.71,nan,S
788,0,2,"Jackson, Mr. Edward",male,34.4,0,0,SC204349,12.14,nan,S
789,1,3,"Davis, Mrs. Margaret",female,25.3,0,0,SC827860,5.82,nan,S
790,0,3,"Thomas, Mr. Robert",male,,0,0,SOTON655102,6.28,nan,S
791,1,1,"Moore, Mrs. Minnie",female,,0,2,SC700909,0.0,nan,S
792,0,3,"Miller, Mr. Charles",male,,1,0,SOTON66355,27.88,nan,Q
793,0,3,"Jackson, Miss Elizabeth",female,,0,0,PC47257,0.0,nan,C
794,0,3,"Harris, Mr. Edward",male,54.6,0,0,SOTON106866,17.35,nan,S
795,1,1,"Johnson, Mrs. Anna",female,,0,0,SOTON255559,80.39,A148,S
796,1,3,"Harris, Dr. Elizabeth",female,,0,0,A/807743,0.0,nan,S
797,0,3,"Anderson, Mr. Robert",male,39.7,1,0,PC534026,16.41,nan,S
798,0,3,"Thomas, Mr. Edward",male,,0,0,PC849664,18.23,nan,S
799,1,3,"Jackson, Mrs. Margaret",female,,1,0,PC268618,19.49,nan,S
800,0,3,"Anderson, Mr. William",male,,0,0,A/67024,0.0,nan,C
801,0,3,"Harris, Mr. George",male,,0,0,PC268766,28.03,B58,C
802,0,1,"Jones, Mr. Joseph",male,19.7,2,3,CA360510,60.32,nan,S
803,0,3,"Moore, Rev. William",male,,0,0,PC774500,20.55,nan,S
804,0,3,"Wilson, Mr. Charles",male,40.9,1,0,CA190065,21.15,nan,S
805,0,2,"Smith, Mr. Henry",male,,0,0,CA206180,30.05,nan,C
806,0,3,"Johnson, Mr. Robert",male,,1,0,CA982153,20.27,nan,C
807,0,3,"Taylor, Mr. John",male,,0,0,A/90037,8.76,E53,C
808,0,3,"Williams, Mrs. Anna",female,46.8,0,2,A/406632,0.0,nan,S
809,0,3,"Anderson, Mr. Thomas",male,,1,0,PC726783,25.85,nan,S
810,1,1,"Thomas, Mrs. Clara",female,2.5,2,2,SOTON446815,141.69,nan,S
811,0,3,"Taylor, Mr. William",male,14.4,1,0,540972,3.6,nan,S
812,0,3,"Moore, Mr. Thomas",male,,1,0,A/616839,8.57,nan,S
813,0,1,"Smith, Mr. George",male,,1,2,PC941476,131.48,nan,S
814,0,3,"Thomas, Mr. John",male,,0,0,CA440620,12.37,nan,S
815,0,3,"Harris, Mr. Charles",male,47.1,0,2,A/7309,19.03,nan,S
816,0,3,"Williams, Mr. Charles",male,,0,0,SOTON855758,0.0,nan,S
817,0,3,"Brown, Mr. Thomas",male,,0,2,A/144206,4.83,B78,S
818,0,2,"Taylor, Mr. Joseph",male,4.5,0,0,122840,14.76,nan,S
819,1,1,"Taylor, Miss Ida",female,40.6,0,0,PC522228,149.7,nan,S
820,0,2,"Thomas, Mr. George",male,,0,0,A/631273,31.83,nan,S
821,0,3,"Johnson, Mr. Charles",male,35.9,1,0,CA950731,24.94,nan,S
822,1,1,"Smith, Mrs. Mary",female,,0,0,SC935112,0.0,nan,S
823,0,2,"Jackson, Mr. Robert",male,,0,0,SOTON208041,20.74,nan,Q
824,0,2,"Williams, Mr. James",male,44.6,0,0,SOTON655735,21.47,G50,S
825,1,3,"Davis, Mrs. Anna",female,38.2,1,0,SOTON635936,11.15,nan,S
826,0,3,"Davis, Mr. Edward",male,28.2,1,1,PC471640,19.64,nan,S
827,1,2,"Moore, Mrs. Alice",female,,0,0,SC20734,33.25,nan,C
828,1,2,"Davis, Miss Mary",female,,0,0,SOTON837987,12.28,nan,S
829,0,3,"White, Mr. William",male,,0,0,SC803689,26.06,nan,S
830,0,3,"Thomas, Mr. Henry",male,53.1,0,0,A/228926,2.39,nan,S
831,0,1,"Wilson, Mr. John",male,45.0,0,0,CA428900,102.69,nan,S
832,0,3,"Thomas, Mr. Joseph",male,,0,0,SOTON921363,5.03,nan,C
833,0,1,"Harris, Mr. Thomas",male,,0,2,PC360536,0.0,nan,S
834,1,1,"White, Miss Elizabeth",female,11.9,0,1,SOTON560107,108.3,nan,C
835,0,3,"Brown, Mr. Charles",male,,2,0,467966,21.03,nan,C
836,0,2,"Miller, Mr. William",male,,2,0,PC566992,26.57,nan,S
837,1,3,"Johnson, Miss Alice",female,3.8,0,0,CA847811,13.47,nan,S
838,1,2,"Thomas, Mrs. Margaret",female,,0,0,SOTON982460,4.52,nan,S
839,0,3,"Thomas, Dr. Edward",male,,0,0,CA792706,0.0,nan,C
840,0,3,"Jackson, Mr. George",male,,0,0,A/437850,36.34,nan,S
841,0,1,"Wilson, Mr. Joseph",male,13.1,2,0,767032,0.0,nan,Q
842,0,3,"Williams, Mr. James",male,,0,0,A/119724,0.0,nan,S
843,0,1,"Wilson, Mr. Edward",male,,1,0,PC586760,67.99,F122,S
844,0,3,"Johnson, Mr. Robert",male,27.3,0,2,A/71904,13.37,nan,C
845,1,1,"Moore, Miss Ida",female,19.4,3,0,CA308479,42.93,nan,S
846,0,2,"Anderson, Mr. James",male,,0,1,CA76927,,nan,S
847,0,1,"Miller, Mr. Charles",male,,1,4,A/842254,,nan,S
848,0,3,"White, Mr. Henry",male,23.2,0,0,SC4608,16.28,nan,S
849,0,3,"Harris, Mr. Joseph",male,,0,0,SOTON106182,17.95,nan,S
850,1,3,"Anderson, Mrs. Clara",female,36.9,0,0,A/448717,11.85,nan,nan
851,1,1,"Williams, Miss Margaret",female,,0,3,PC552834,54.17,E59,S
852,1,3,"Thomas, Miss Ida",female,28.0,2,3,A/101804,0.0,nan,Q
853,0,1,"Williams, Mr. John",male,,2,0,SOTON849928,39.52,nan,Q
854,0,3,"Taylor, Dr. Robert",male,3.3,1,0,A/698706,,nan,S
855,1,1,"Harris, Mr. James",male,,0,1,PC306167,86.64,F18,C
856,0,1,"Miller, Dr. George",male,,1,0,A/68082,0.0,F141,S
857,0,1,"Williams, Mr. James",male,,0,1,A/376497,156.23,nan,S
858,0,3,"Miller, Miss Anna",female,28.8,0,2,CA183387,14.73,nan,S
859,0,3,"Miller, Mr. Edward",male,,0,0,SC129470,16.09,nan,Q
860,1,1,"Harris, Mr. Henry",male,5.8,0,0,PC455887,135.16,nan,Q
861,0,3,"Harris, Mr. Edward",male,50.9,0,0,SC585814,,nan,S
862,0,3,"Brown, Mr. Thomas",male,,0,0,CA647155,25.7,nan,S
863,0,3,"Smith, Mr. John",male,36.2,0,0,SC872038,39.04,E126,S
864,1,2,"Thomas, Mrs. Margaret",female,,1,1,SC269210,36.03,nan,S
865,1,2,"Anderson, Miss Bertha",female,,0,2,PC777827,19.9,E41,S
866,1,3,"Johnson, Miss Anna",female,,0,2,PC9583,8.52,nan,S
867,0,1,"Jackson, Mr. Charles",male,,0,0,CA154676,92.35,nan,C
868,0,1,"Wilson, Mr. Henry",male,41.9,0,1,SC324573,57.08,nan,S
869,0,3,"Wilson, Mr. Thomas",male,,0,0,PC613681,6.49,nan,Q
870,0,3,"Anderson, Dr. Edward",male,28.6,0,0,974015,30.11,nan,S
871,1,2,"Jones, Miss Ida",female,,0,0,301106,28.05,nan,S
872,0,2,"Williams, Rev. Charles",male,,1,0,908842,38.1,nan,C
873,0,3,"Miller, Mr. Edward",male,,0,2,SC583708,25.17,nan,C
874,0,2,"Taylor, Mr. James",male,20.1,1,0,SOTON869445,37.14,nan,S
875,0,1,"Anderson, Mr. Joseph",male,20.0,0,0,PC644300,37.05,nan,S
876,1,1,"Wilson, Mrs. Elizabeth",female,,0,0,CA121198,34.61,nan,Q
877,0,3,"Williams, Mr. John",male,,1,0,PC677819,12.87,nan,S
878,0,3,"Davis, Mr. Thomas",male,,0,0,406770,,nan,S
879,0,1,"Wilson, Mr. John",male,24.8,0,0,SOTON210176,142.94,nan,S
880,0,1,"Anderson, Mr. Edward",male,0.5,1,0,A/701375,66.69,G95,C
881,1,1,"Anderson, Miss Anna",female,24.8,0,0,CA253570,0.0,B48,C
882,1,3,"Brown, Miss Minnie",female,,1,1,A/530593,20.28,nan,Q
883,1,1,"Thomas, Miss Ida",female,7.2,0,0,SC951244,108.96,G135,S
884,1,1,"Williams, Miss Mary",female,12.7,1,0,A/942622,0.0,C135,S
885,0,3,"Jackson, Mr. Robert",male,,0,0,A/174403,15.7,G136,S
886,1,1,"Miller, Miss Clara",female,48.6,0,0,SC672577,92.65,nan,C
887,0,3,"Wilson, Mr. John",male,,0,0,112045,6.09,nan,S
888,0,1,"Johnson, Mr. James",male,,0,0,A/783842,0.0,nan,S
889,1,1,"Davis, Miss Ida",female,36.4,0,2,898339,160.13,nan,S
890,0,2,"White, Mr. Henry",male,,0,0,SOTON575203,14.38,nan,S
891,1,3,"Williams, Mrs. Ida",female,,0,1,PC714601,2.74,nan,C
