Survived,Sex_Binary,Fare_Log,Family_Size,Is_Alone,Embarked_C,Embarked_Q,Embarked_S,Pclass_1,Pclass_2,Pclass_3,Title_grouped,Title_Mr,Title_Mrs,Title_Rare
1,1,2.855895328366192,1,1,False,False,True,False,True,False,Rare,False,False,True
1,1,1.803358605071407,1,1,False,False,True,False,False,True,Mrs,False,True,False
0,0,3.797285327957723,3,0,True,False,False,False,False,True,Mr,True,False,False
1,1,0.9477893989335261,1,1,True,False,False,False,False,True,Rare,False,False,True
0,0,3.6501386257975055,1,1,False,False,True,True,False,False,Mr,True,False,False
0,0,4.121635422458004,1,1,False,False,True,True,False,False,Mr,True,False,False
1,1,4.997887721273753,2,0,False,False,True,True,False,False,Rare,False,False,True
0,0,2.4344901638739844,3,0,True,False,False,False,False,True,Mr,True,False,False
0,0,3.6270040503958487,1,1,False,False,True,False,False,True,Mr,True,False,False
0,0,2.6004649904222727,3,0,False,False,True,False,False,True,Mr,True,False,False
0,0,0.0,2,0,False,False,True,True,False,False,Mr,True,False,False
0,0,0.0,2,0,False,False,True,False,False,True,Mr,True,False,False
0,0,3.1730412885244013,1,1,True,False,False,False,False,True,Mr,True,False,False
1,0,5.009768251656904,2,0,False,False,True,True,False,False,Mr,True,False,False
1,1,4.618481200047763,1,1,False,False,True,True,False,False,Mrs,False,True,False
1,1,2.105352923464337,1,1,False,False,True,True,False,False,Rare,False,False,True
0,0,2.6741486494265287,1,1,False,False,True,False,True,False,Mr,True,False,False
0,0,2.6004649904222727,2,0,False,False,True,False,False,True,Mr,True,False,False
0,0,3.7443141610020367,3,0,False,False,True,False,True,False,Mr,True,False,False
0,0,2.924236271848921,2,0,False,True,False,False,True,False,Mr,True,False,False
0,0,1.6034198401085376,1,1,False,False,True,False,False,True,Mr,True,False,False
0,0,4.439115601658009,1,1,False,False,True,True,False,False,Mr,True,False,False
0,0,3.5635996376871786,2,0,True,False,False,False,True,False,Mr,True,False,False
0,0,3.8390221125436557,3,0,False,False,True,False,True,False,Mr,True,False,False
0,0,3.269949095052201,1,1,False,True,False,False,False,True,Mr,True,False,False
0,0,3.332918540908861,1,1,True,False,False,False,False,True,Mr,True,False,False
1,1,4.848665233550198,2,0,False,False,True,True,False,False,Rare,False,False,True
1,1,3.261168737058452,5,0,False,False,True,False,False,True,Rare,False,False,True
0,0,2.8864752876170416,1,1,False,False,True,False,False,True,Mr,True,False,False
1,1,4.578107266438402,4,0,False,False,True,True,False,False,Mrs,False,True,False
0,0,3.176803048446293,4,0,True,False,False,False,False,True,Mr,True,False,False
1,1,5.224240163151721,2,0,False,False,True,True,False,False,Mrs,False,True,False
1,1,4.769836807543325,3,0,False,False,True,True,False,False,Rare,False,False,True
0,0,0.0,1,1,False,False,True,False,False,True,Mr,True,False,False
0,0,2.1198634561787513,2,0,False,False,True,False,False,True,Mr,True,False,False
0,0,2.534490149976828,3,0,False,False,True,False,False,True,Mr,True,False,False
0,0,3.8726582819058692,1,1,True,False,False,False,True,False,Mr,True,False,False
0,0,5.232764998307801,1,1,False,False,True,True,False,False,Mr,True,False,False
0,0,2.6195832197798796,1,1,False,False,True,False,False,True,Mr,True,False,False
0,0,2.9616582932202395,3,0,False,False,True,False,True,False,Mr,True,False,False
1,1,4.06182137051654,1,1,True,False,False,True,False,False,Mrs,False,True,False
1,1,3.104586678466073,2,0,False,False,True,False,False,True,Mrs,False,True,False
0,0,4.931159092594459,3,0,True,False,False,True,False,False,Mr,True,False,False
0,0,2.6361960973342264,1,1,False,False,True,False,False,True,Mr,True,False,False
0,0,3.3297013799570854,3,0,False,True,False,False,True,False,Mr,True,False,False
0,0,1.900613874140137,3,0,False,False,True,False,False,True,Mr,True,False,False
1,1,1.1085626195212777,2,0,False,False,True,False,True,False,Mrs,False,True,False
0,0,3.131136910560194,2,0,False,False,True,False,False,True,Mr,True,False,False
0,0,2.727199019940971,4,0,False,False,True,False,False,True,Mr,True,False,False
0,0,4.108411819433536,1,1,False,False,True,True,False,False,Mr,True,False,False
0,0,3.164630810015805,2,0,False,False,True,False,False,True,Mr,True,False,False
0,1,0.0,2,0,False,False,True,False,False,True,Rare,False,False,True
1,1,2.869601996409779,3,0,False,False,True,False,False,True,Rare,False,False,True
0,0,1.6193882432872684,5,0,False,True,False,False,False,True,Rare,False,False,True
0,0,2.300583090323373,1,1,False,False,True,False,False,True,Mr,True,False,False
0,0,2.972975286431375,1,1,True,False,False,False,False,True,Mr,True,False,False
1,1,2.7593768282675506,2,0,False,False,True,True,False,False,Mrs,False,True,False
1,1,4.978112102390695,1,1,False,False,True,True,False,False,Rare,False,False,True
0,0,4.725527682651825,2,0,False,False,True,True,False,False,Mr,True,False,False
0,0,3.3163654461454577,1,1,False,False,True,False,True,False,Mr,True,False,False
1,1,3.3721118007670587,1,1,False,True,False,False,True,False,Mrs,False,True,False
0,0,1.5871923034867808,4,0,False,False,True,False,True,False,Rare,False,False,True
1,1,2.935451342669061,1,1,True,False,False,False,False,True,Mrs,False,True,False
0,0,2.424802725718295,2,0,False,True,False,False,True,False,Mr,True,False,False
0,0,2.517696472610991,1,1,False,False,True,False,True,False,Mr,True,False,False
0,0,2.8707357833793057,1,1,False,True,False,False,False,True,Mr,True,False,False
0,0,4.439115601658009,1,1,False,False,True,True,False,False,Mr,True,False,False
0,0,1.8748743759385615,1,1,False,True,False,False,False,True,Mr,True,False,False
1,1,3.4663607075685685,2,0,False,False,True,True,False,False,Mrs,False,True,False
0,0,3.408834808791367,3,0,False,False,True,False,False,True,Mr,True,False,False
0,0,2.9657883971809187,1,1,True,False,False,False,False,True,Mr,True,False,False
0,0,0.0,3,0,False,False,True,True,False,False,Mr,True,False,False
0,0,0.0,2,0,False,False,True,True,False,False,Mr,True,False,False
0,0,1.601405740736836,1,1,False,False,True,False,False,True,Mr,True,False,False
0,0,3.3439213138424253,4,0,False,False,True,False,False,True,Mr,True,False,False
0,1,2.7414849771884473,1,1,False,False,True,False,False,True,Rare,False,False,True
0,0,2.0719132752590443,1,1,True,False,False,False,False,True,Mr,True,False,False
1,0,5.2644502970364595,2,0,False,False,True,True,False,False,Mr,True,False,False
0,0,3.979868552323213,1,1,False,False,True,False,True,False,Mr,True,False,False
1,1,5.3521898320125265,1,1,False,False,True,True,False,False,Rare,False,False,True
1,1,3.3631493140246254,1,1,False,False,True,False,False,True,Rare,False,False,True
0,1,2.1826747963214883,1,1,True,False,False,False,False,True,Rare,False,False,True
0,0,3.507956918233689,2,0,True,False,False,False,True,False,Mr,True,False,False
0,0,4.206333064170148,4,0,False,True,False,True,False,False,Mr,True,False,False
0,0,3.754433084853375,2,0,False,False,True,False,True,False,Mr,True,False,False
0,0,3.608482517041907,1,1,False,False,True,False,True,False,Mr,True,False,False
0,0,2.740194654428777,2,0,False,True,False,False,False,True,Mr,True,False,False
0,0,2.3427668826268775,3,0,True,False,False,False,False,True,Mr,True,False,False
0,0,0.0,1,1,False,False,True,False,False,True,Mr,True,False,False
0,0,2.3896797998449792,1,1,False,False,True,False,False,True,Mr,True,False,False
1,1,4.101154654150649,1,1,False,True,False,True,False,False,Rare,False,False,True
0,0,2.9861868607104594,1,1,False,False,True,False,False,True,Mr,True,False,False
0,0,0.0,2,0,False,False,True,False,False,True,Mr,True,False,False
1,1,2.532902848056256,4,0,False,False,True,False,False,True,Rare,False,False,True
0,0,0.0,1,1,False,False,True,False,False,True,Mr,True,False,False
1,1,3.1747149290824312,1,1,False,False,True,False,False,True,Rare,False,False,True
0,0,3.119276459645446,1,1,False,False,True,False,False,True,Mr,True,False,False
0,0,3.0041963519661206,1,1,False,False,True,False,True,False,Mr,True,False,False
1,1,4.949043538089615,3,0,False,False,True,True,False,False,Rare,False,False,True
1,1,4.286341384539473,1,1,False,False,True,True,False,False,Mrs,False,True,False
1,1,3.5539184686798193,3,0,False,False,True,True,False,False,Rare,False,False,True
0,0,2.8735646395797834,2,0,True,False,False,False,False,True,Mr,True,False,False
0,0,3.436564525499447,2,0,False,True,False,False,True,False,Mr,True,False,False
0,0,3.2055879305412653,1,1,False,False,True,False,False,True,Mr,True,False,False
0,0,0.6523251860396903,1,1,False,False,True,False,False,True,Mr,True,False,False
1,1,2.5556757206762075,2,0,False,True,False,False,True,False,Mrs,False,True,False
0,0,3.424588334452731,1,1,False,False,True,False,True,False,Mr,True,False,False
1,1,1.0818051703517284,2,0,False,False,True,False,False,True,Rare,False,False,True
0,0,5.005153630527017,1,1,True,False,False,True,False,False,Mr,True,False,False
0,0,2.2935443483418965,2,0,False,False,True,True,False,False,Mr,True,False,False
0,0,3.4008639927609177,4,0,True,False,False,False,True,False,Rare,False,False,True
1,1,5.143124477142335,1,1,True,False,False,True,False,False,Rare,False,False,True
1,1,2.2834022735772717,1,1,False,False,True,False,False,True,Rare,False,False,True
0,1,0.0,2,0,False,False,True,False,False,True,Mrs,False,True,False
1,1,2.4973291697865574,1,1,False,False,True,False,False,True,Mrs,False,True,False
1,1,3.0248055210396982,1,1,False,False,True,False,False,True,Rare,False,False,True
0,1,0.0,2,0,False,False,True,False,False,True,Rare,False,False,True
0,0,3.415757532993485,2,0,False,False,True,True,False,False,Mr,True,False,False
0,0,1.536867219599265,2,0,False,False,True,False,False,True,Mr,True,False,False
0,0,2.162172939277301,1,1,False,True,False,False,False,True,Mr,True,False,False
1,1,2.987700101856727,1,1,False,False,True,False,False,True,Rare,False,False,True
0,1,1.9021075263969205,3,0,False,False,True,False,False,True,Rare,False,False,True
0,0,3.054001181677967,2,0,False,False,True,False,True,False,Mr,True,False,False
1,1,3.8571443439181565,1,1,False,False,True,True,False,False,Rare,False,False,True
1,1,4.36373536470163,1,1,False,False,True,True,False,False,Mrs,False,True,False
0,0,3.7464405646384678,3,0,False,False,True,False,True,False,Mr,True,False,False
0,0,0.0,1,1,False,False,True,False,False,True,Mr,True,False,False
1,1,3.0339909856710814,3,0,True,False,False,False,False,True,Rare,False,False,True
0,0,4.250065437218876,1,1,False,True,False,True,False,False,Mr,True,False,False
1,1,1.3812818192963463,1,1,False,False,True,False,False,True,Mrs,False,True,False
0,0,0.0,2,0,False,False,True,False,True,False,Mr,True,False,False
1,1,5.216347803680786,1,1,False,False,True,True,False,False,Mrs,False,True,False
1,1,4.552296696381023,1,1,False,False,True,True,False,False,Mrs,False,True,False
1,1,2.6253929674212007,1,1,False,False,True,False,True,False,Rare,False,False,True
0,0,1.4469189829363254,1,1,True,False,False,False,False,True,Mr,True,False,False
1,1,2.4159137783010487,1,1,False,False,True,False,True,False,Rare,False,False,True
1,1,3.078693794268338,1,1,False,False,True,False,False,True,Rare,False,False,True
0,0,3.7252113833613265,2,0,False,False,True,False,False,True,Mr,True,False,False
1,1,0.0,3,0,False,True,False,False,True,False,Rare,False,False,True
0,0,0.0,1,1,True,False,False,False,False,True,Mr,True,False,False
0,0,2.913437030827161,3,0,False,False,True,False,False,True,Mr,True,False,False
0,0,3.112181086197238,1,1,False,False,True,False,True,False,Mr,True,False,False
0,0,2.7206373166076814,4,0,False,False,True,False,False,True,Mr,True,False,False
0,0,2.920469789053444,3,0,False,False,True,False,True,False,Mr,True,False,False
1,1,2.9780773383152703,1,1,False,False,True,False,True,False,Mrs,False,True,False
0,0,4.876875303916732,1,1,True,False,False,True,False,False,Rare,False,False,True
1,1,0.9969486348916096,2,0,True,False,False,False,False,True,Mrs,False,True,False
0,0,2.9014215940827497,1,1,False,True,False,False,False,True,Mr,True,False,False
0,0,4.514588807756853,1,1,False,False,True,True,False,False,Mr,True,False,False
0,0,1.4996230464268938,1,1,True,False,False,False,True,False,Rare,False,False,True
1,1,2.5855058483441162,1,1,True,False,False,False,False,True,Mrs,False,True,False
0,0,5.178237946217495,2,0,False,False,True,True,False,False,Rare,False,False,True
0,0,4.951451300742808,3,0,True,False,False,True,False,False,Mr,True,False,False
0,1,0.0,1,1,False,False,True,False,False,True,Mrs,False,True,False
0,0,2.9349201341572337,2,0,True,False,False,False,False,True,Mr,True,False,False
0,0,3.5409593240373143,1,1,False,False,True,False,True,False,Rare,False,False,True
0,0,3.2472688993694185,1,1,False,False,True,False,False,True,Mr,True,False,False
0,1,2.412335956953165,1,1,False,False,True,False,False,True,Mrs,False,True,False
0,0,4.365516082546892,1,1,False,False,True,True,False,False,Rare,False,False,True
1,1,2.9657883971809187,1,1,False,False,True,False,False,True,Mrs,False,True,False
0,0,2.818995095053937,1,1,False,False,True,False,True,False,Mr,True,False,False
1,1,3.3901364343027307,1,1,False,False,True,False,False,True,Mrs,False,True,False
1,1,3.435920817720541,1,1,False,False,True,False,False,True,Rare,False,False,True
0,1,3.165896900077314,3,0,False,False,True,False,False,True,Rare,False,False,True
0,0,0.0,3,0,False,True,False,True,False,False,Mr,True,False,False
0,1,2.363680192353857,4,0,False,False,True,False,False,True,Rare,False,False,True
0,0,3.3032169733019514,1,1,True,False,False,False,True,False,Mr,True,False,False
0,0,4.803447109572174,1,1,False,False,True,True,False,False,Mr,True,False,False
0,0,4.679256729340789,2,0,True,False,False,True,False,False,Mr,True,False,False
1,1,2.7466296830696852,6,0,False,False,True,False,False,True,Mrs,False,True,False
1,1,0.0,1,1,False,False,True,False,False,True,Rare,False,False,True
1,1,4.473351611367243,4,0,False,False,True,True,False,False,Mrs,False,True,False
0,0,2.3194422100604686,1,1,False,False,True,False,False,True,Rare,False,False,True
0,0,4.939640419938631,1,1,True,False,False,True,False,False,Mr,True,False,False
1,1,2.2975725511705014,1,1,True,False,False,False,False,True,Mrs,False,True,False
0,0,4.817616727753966,1,1,False,False,True,True,False,False,Rare,False,False,True
0,0,3.2703291064571163,2,0,False,False,True,False,False,True,Mr,True,False,False
0,0,2.382320061012899,4,0,True,False,False,False,True,False,Mr,True,False,False
0,0,2.329227023940467,1,1,True,False,False,False,False,True,Mr,True,False,False
1,0,4.139317927864832,1,1,False,False,True,True,False,False,Mr,True,False,False
0,0,2.066862759472976,1,1,False,False,True,False,True,False,Mr,True,False,False
0,0,0.0,1,1,False,False,True,True,False,False,Mr,True,False,False
0,0,3.0140632302387145,2,0,False,False,True,False,False,True,Mr,True,False,False
1,1,2.947591898226056,2,0,False,False,True,False,False,True,Rare,False,False,True
0,0,2.6195832197798796,2,0,False,False,True,False,True,False,Mr,True,False,False
0,0,3.3253956682458736,3,0,True,False,False,False,False,True,Mr,True,False,False
1,1,1.8656293177945105,1,1,False,False,True,False,False,True,Mrs,False,True,False
0,0,3.1363634032937364,2,0,False,True,False,False,False,True,Mr,True,False,False
1,1,1.264126727145683,1,1,False,False,True,False,False,True,Mrs,False,True,False
1,1,2.5726122302071057,2,0,False,True,False,False,True,False,Rare,False,False,True
0,0,0.0,1,1,False,False,True,True,False,False,Mr,True,False,False
0,0,1.007957920399979,1,1,True,False,False,False,False,True,Rare,False,False,True
1,1,2.837908188360424,1,1,False,False,True,False,False,True,Mrs,False,True,False
1,1,0.0,1,1,False,False,True,False,False,True,Mrs,False,True,False
0,0,3.0946722214088944,2,0,False,False,True,False,True,False,Mr,True,False,False
0,0,2.9601050959108397,2,0,False,False,True,False,True,False,Mr,True,False,False
0,0,2.702032128776647,1,1,True,False,False,False,False,True,Mr,True,False,False
1,1,2.2965670206684825,3,0,True,False,False,False,False,True,Rare,False,False,True
0,0,0.0,1,1,False,False,True,False,False,True,Mr,True,False,False
0,1,1.6094379124341003,2,0,False,False,True,False,False,True,Mrs,False,True,False
0,0,2.9069010598473755,1,1,False,False,True,False,False,True,Mr,True,False,False
0,0,4.178685710655851,1,1,False,False,True,True,False,False,Mr,True,False,False
0,0,5.107701506929262,1,1,True,False,False,True,False,False,Mr,True,False,False
0,0,3.2857865301508276,1,1,False,False,True,False,False,True,Mr,True,False,False
0,0,2.9107188992270343,1,1,False,True,False,False,False,True,Mr,True,False,False
1,0,2.1938856760707046,1,1,False,False,True,True,False,False,Mr,True,False,False
0,0,4.907937895857914,1,1,False,False,True,True,False,False,Mr,True,False,False
1,1,0.0,1,1,False,False,True,False,False,True,Mrs,False,True,False
1,0,0.0,1,1,False,False,True,True,False,False,Mr,True,False,False
0,0,4.9839490288337505,2,0,False,False,True,True,False,False,Mr,True,False,False
1,1,2.6004649904222727,1,1,True,False,False,False,False,True,Mrs,False,True,False
1,1,3.3816747151732915,2,0,True,False,False,False,False,True,Mrs,False,True,False
1,1,2.367436065313662,4,0,False,False,True,False,False,True,Mrs,False,True,False
1,1,0.0,4,0,False,False,True,True,False,False,Mrs,False,True,False
0,0,2.4740142086215764,2,0,False,False,True,False,False,True,Mr,True,False,False
1,0,4.6797209172523875,1,1,False,False,True,True,False,False,Mr,True,False,False
1,1,4.05560373390567,2,0,False,False,True,False,True,False,Rare,False,False,True
1,1,3.0809921175048145,2,0,False,False,True,False,False,True,Mrs,False,True,False
0,0,3.408834808791367,1,1,True,False,False,False,False,True,Mr,True,False,False
0,1,2.4740142086215764,2,0,False,False,True,False,False,True,Rare,False,False,True
0,0,2.797281334830153,1,1,False,True,False,False,False,True,Mr,True,False,False
0,0,3.3386125064705343,1,1,False,False,True,False,False,True,Mr,True,False,False
0,0,0.0,1,1,False,True,False,True,False,False,Rare,False,False,True
0,0,2.1552445050953364,1,1,False,False,True,False,True,False,Mr,True,False,False
0,0,2.8069901489571136,4,0,False,False,True,False,True,False,Mr,True,False,False
0,0,3.0160249768217535,1,1,False,True,False,False,True,False,Mr,True,False,False
1,1,2.6004649904222727,1,1,False,False,True,False,False,True,Mrs,False,True,False
0,0,2.6152036507358583,5,0,False,False,True,False,True,False,Mr,True,False,False
0,0,1.9892432737616872,1,1,True,False,False,False,False,True,Mr,True,False,False
1,1,1.0681530811834012,1,1,True,False,False,False,False,True,Rare,False,False,True
1,1,2.8207834710894493,1,1,False,False,True,False,False,True,Mrs,False,True,False
0,1,0.0,2,0,False,False,True,False,False,True,Mrs,False,True,False
0,1,2.382320061012899,3,0,False,False,True,False,False,True,Mrs,False,True,False
0,1,2.8154087194227095,1,1,False,True,False,False,False,True,Mrs,False,True,False
0,0,4.8247072417081895,1,1,False,False,True,True,False,False,Rare,False,False,True
0,0,0.0,1,1,False,False,True,False,False,True,Mr,True,False,False
0,0,2.0001277349601105,2,0,False,False,True,False,True,False,Mr,True,False,False
1,0,3.393837027255863,3,0,False,False,True,True,False,False,Mr,True,False,False
0,0,3.392492941032009,1,1,False,False,True,False,False,True,Mr,True,False,False
1,1,0.0,3,0,False,False,True,True,False,False,Mrs,False,True,False
0,0,1.463255402256019,1,1,False,False,True,False,False,True,Mr,True,False,False
0,0,2.830857630363757,1,1,False,False,True,False,False,True,Mr,True,False,False
0,0,2.453587966530573,3,0,False,False,True,False,False,True,Mr,True,False,False
1,1,3.028683373693677,3,0,False,False,True,False,True,False,Rare,False,False,True
1,0,4.969882741609291,1,1,True,False,False,True,False,False,Mr,True,False,False
1,1,1.9685099809725544,1,1,False,False,True,False,False,True,Rare,False,False,True
0,0,2.5764217586237734,2,0,False,False,True,False,True,False,Mr,True,False,False
0,0,3.3537563070620187,1,1,False,True,False,False,False,True,Mr,True,False,False
0,0,2.134166441369082,2,0,False,False,True,False,False,True,Mr,True,False,False
0,1,1.9892432737616872,1,1,False,False,True,False,False,True,Rare,False,False,True
0,0,3.2140642678709788,8,0,False,False,True,False,True,False,Rare,False,False,True
1,1,2.3933394562625097,1,1,True,False,False,False,True,False,Mrs,False,True,False
0,0,0.0,1,1,True,False,False,False,False,True,Mr,True,False,False
0,0,3.0969341540629585,1,1,False,True,False,False,True,False,Mr,True,False,False
1,1,4.285653390016292,1,1,True,False,False,True,False,False,Rare,False,False,True
1,1,2.925309809257445,4,0,False,False,True,False,False,True,Mrs,False,True,False
1,1,2.590767040487478,2,0,False,False,True,False,False,True,Mrs,False,True,False
1,1,0.0,1,1,False,False,True,False,False,True,Mrs,False,True,False
1,1,1.6272778305624314,1,1,False,False,True,False,False,True,Mrs,False,True,False
1,1,4.642658630399083,1,1,False,False,True,True,False,False,Rare,False,False,True
1,1,1.6752256529721035,1,1,False,False,True,False,False,True,Rare,False,False,True
1,1,2.787477334733532,1,1,False,False,True,False,False,True,Mrs,False,True,False
1,1,5.056436869896863,2,0,True,False,False,True,False,False,Mrs,False,True,False
0,0,3.202339856228101,3,0,False,False,True,False,False,True,Mr,True,False,False
1,1,0.0,1,1,False,False,True,False,False,True,Mrs,False,True,False
0,0,3.6417878465800855,3,0,False,False,True,False,False,True,Rare,False,False,True
1,1,3.110845080654496,1,1,False,False,True,False,False,True,Mrs,False,True,False
1,1,2.637627736805664,1,1,False,False,True,False,False,True,Rare,False,False,True
0,0,3.0160249768217535,4,0,False,False,True,False,True,False,Mr,True,False,False
1,1,0.0,1,1,False,False,True,False,True,False,Mrs,False,True,False
0,0,0.0,1,1,True,False,False,False,False,True,Mr,True,False,False
0,0,2.444084655267745,1,1,False,True,False,False,False,True,Mr,True,False,False
1,1,0.0,2,0,False,False,True,False,False,True,Rare,False,False,True
0,0,2.780060737078482,1,1,False,False,True,False,False,True,Mr,True,False,False
1,1,2.8914822521801917,1,1,False,False,True,False,False,True,Rare,False,False,True
1,1,2.6078614738467776,2,0,False,True,False,False,False,True,Rare,False,False,True
0,0,1.916922612182061,1,1,False,False,True,False,False,True,Mr,True,False,False
0,0,0.0,1,1,False,False,True,False,False,True,Mr,True,False,False
0,0,2.896464271895322,2,0,True,False,False,False,False,True,Mr,True,False,False
0,0,3.4015306594522756,2,0,False,False,True,False,False,True,Mr,True,False,False
0,1,2.0149030205422647,2,0,False,False,True,False,False,True,Rare,False,False,True
0,0,2.551786178627545,1,1,False,False,True,False,True,False,Mr,True,False,False
0,0,3.1041381473977774,3,0,False,False,True,False,True,False,Mr,True,False,False
0,0,4.807212667394247,2,0,False,False,True,True,False,False,Rare,False,False,True
0,0,2.269028309465203,2,0,False,False,True,False,False,True,Mr,True,False,False
1,1,5.648340234406391,1,1,True,False,False,True,False,False,Rare,False,False,True
0,0,1.7298840655099674,3,0,False,False,True,False,False,True,Rare,False,False,True
1,1,2.269028309465203,2,0,False,False,True,False,False,True,Mrs,False,True,False
0,0,3.2492110246642736,3,0,False,False,True,False,True,False,Mr,True,False,False
1,1,0.0,1,1,True,False,False,False,False,True,Rare,False,False,True
0,0,5.029914908828212,1,1,False,False,True,True,False,False,Mr,True,False,False
1,0,4.439115601658009,3,0,False,False,True,True,False,False,Mr,True,False,False
1,1,0.6471032420585384,1,1,False,False,True,False,False,True,Rare,False,False,True
0,0,3.0160249768217535,1,1,True,False,False,False,True,False,Mr,True,False,False
1,1,3.868906714354518,1,1,False,False,True,True,False,False,Mrs,False,True,False
0,1,1.8931119634883424,4,0,False,False,True,False,False,True,Rare,False,False,True
0,0,1.1755733298042381,4,0,False,False,True,False,False,True,Mr,True,False,False
0,0,0.0,1,1,True,False,False,True,False,False,Mr,True,False,False
1,1,2.9997242948235283,3,0,False,False,True,False,False,True,Mrs,False,True,False
0,0,0.0,1,1,False,False,True,True,False,False,Mr,True,False,False
1,0,4.604069580544058,1,1,True,False,False,True,False,False,Mr,True,False,False
0,0,2.785628335747585,1,1,True,False,False,False,False,True,Mr,True,False,False
0,0,2.8231630082027146,2,0,False,False,True,False,False,True,Mr,True,False,False
0,0,2.3233676321765744,2,0,False,False,True,False,False,True,Mr,True,False,False
0,1,1.7509374747078,4,0,False,False,True,False,False,True,Rare,False,False,True
1,1,2.8746939451769347,3,0,False,False,True,False,False,True,Mrs,False,True,False
0,1,2.0794415416798357,1,1,True,False,False,False,False,True,Rare,False,False,True
1,1,3.1086144306106633,5,0,False,False,True,False,True,False,Mrs,False,True,False
0,0,0.0,4,0,False,False,True,False,False,True,Mr,True,False,False
1,1,3.3721118007670587,2,0,False,False,True,False,True,False,Mrs,False,True,False
0,0,2.993730270883318,2,0,False,False,True,False,True,False,Mr,True,False,False
0,0,4.776683544065443,2,0,False,False,True,True,False,False,Mr,True,False,False
0,0,3.4610373820181723,1,1,True,False,False,True,False,False,Mr,True,False,False
0,0,1.9558604799084813,3,0,True,False,False,False,False,True,Mr,True,False,False
1,1,3.157425862551978,1,1,False,False,True,False,False,True,Rare,False,False,True
1,1,0.0,3,0,False,False,True,False,False,True,Rare,False,False,True
0,0,3.0160249768217535,1,1,False,True,False,False,True,False,Mr,True,False,False
0,0,4.804676567536147,1,1,False,False,True,True,False,False,Mr,True,False,False
1,1,4.900299459074922,2,0,False,False,True,True,False,False,Mrs,False,True,False
0,0,3.2913825156549485,3,0,False,False,True,False,True,False,Mr,True,False,False
0,0,2.9036169846461855,1,1,False,False,True,False,False,True,Mr,True,False,False
0,0,3.078693794268338,4,0,False,False,True,False,False,True,Mr,True,False,False
1,1,2.8124102164264526,1,1,False,False,True,False,False,True,Rare,False,False,True
1,1,1.6054298910365616,2,0,False,False,True,False,True,False,Mrs,False,True,False
0,0,2.8936995479888394,1,1,False,False,True,False,False,True,Mr,True,False,False
0,0,2.7324175575505043,1,1,False,False,True,False,False,True,Mr,True,False,False
1,1,3.190476350346503,1,1,True,False,False,False,False,True,Mrs,False,True,False
1,1,3.1157350659486873,1,1,True,False,False,False,False,True,Rare,False,False,True
0,0,3.3562000157314196,1,1,False,False,True,False,True,False,Mr,True,False,False
1,1,2.976039640208255,1,1,False,False,True,False,True,False,Rare,False,False,True
0,0,3.834061463958434,2,0,False,True,False,False,True,False,Rare,False,False,True
0,0,2.0731719286662407,2,0,False,False,True,False,False,True,Mr,True,False,False
1,1,4.922386788542191,1,1,True,False,False,True,False,False,Mrs,False,True,False
0,0,4.883559211528279,1,1,False,False,True,True,False,False,Mr,True,False,False
0,0,3.9969154724461085,1,1,False,True,False,True,False,False,Mr,True,False,False
0,0,1.724550719534605,1,1,False,False,True,True,False,False,Mr,True,False,False
0,0,2.6518325211039815,2,0,False,False,True,False,False,True,Mr,True,False,False
1,1,2.7459880404426023,2,0,False,False,True,False,False,True,Mrs,False,True,False
0,0,2.1198634561787513,1,1,False,False,True,False,False,True,Mr,True,False,False
1,1,5.058790335983303,1,1,False,False,True,True,False,False,Rare,False,False,True
0,0,0.0,2,0,False,False,True,False,False,True,Mr,True,False,False
0,0,1.8484548129046001,1,1,True,False,False,False,False,True,Mr,True,False,False
0,0,4.662400819442363,2,0,False,False,True,True,False,False,Mr,True,False,False
1,1,3.212455257065278,4,0,False,False,True,False,True,False,Rare,False,False,True
0,0,2.884800712846709,2,0,False,False,True,False,True,False,Mr,True,False,False
0,1,2.9512577834521614,1,1,False,False,True,False,False,True,Rare,False,False,True
0,0,2.982140320034524,3,0,False,False,True,False,False,True,Mr,True,False,False
1,1,4.578004517915322,3,0,False,False,True,True,False,False,Mrs,False,True,False
0,0,3.125882958019036,1,1,False,False,True,False,True,False,Mr,True,False,False
0,1,3.2733640101522705,2,0,False,False,True,False,False,True,Rare,False,False,True
0,1,0.4510756193602166,2,0,False,False,True,False,False,True,Rare,False,False,True
1,1,1.597365331199831,1,1,False,False,True,False,False,True,Rare,False,False,True
0,1,3.299533727885655,1,1,False,False,True,False,False,True,Rare,False,False,True
1,1,5.224832277285559,1,1,False,False,True,True,False,False,Rare,False,False,True
0,0,5.369567688076203,3,0,False,True,False,True,False,False,Mr,True,False,False
0,0,0.0,1,1,False,False,True,False,False,True,Mr,True,False,False
0,0,4.8738223325330665,2,0,False,False,True,True,False,False,Mr,True,False,False
1,1,0.19062035960864973,2,0,False,False,True,False,False,True,Mrs,False,True,False
0,0,2.2460147415056513,1,1,False,False,True,False,False,True,Mr,True,False,False
1,1,2.664446563620078,1,1,False,False,True,False,False,True,Rare,False,False,True
0,0,3.1480240838962494,1,1,False,False,True,False,True,False,Mr,True,False,False
0,0,2.3804716316511167,1,1,False,True,False,False,False,True,Mr,True,False,False
0,0,3.250374491927572,2,0,False,True,False,False,False,True,Rare,False,False,True
1,1,3.391820219849558,1,1,True,False,False,False,False,True,Mrs,False,True,False
0,0,3.393837027255863,2,0,False,False,True,False,False,True,Mr,True,False,False
0,0,1.873339456220478,1,1,False,False,True,False,True,False,Mr,True,False,False
0,0,0.0,1,1,False,False,True,False,False,True,Rare,False,False,True
0,0,2.9481164196123277,4,0,False,True,False,False,False,True,Mr,True,False,False
0,0,3.894673367093033,1,1,False,False,True,True,False,False,Mr,True,False,False
0,0,4.84717474494322,1,1,False,False,True,True,False,False,Mr,True,False,False
1,1,4.445588116163626,1,1,False,False,True,True,False,False,Mrs,False,True,False
0,0,5.198165484597595,3,0,False,False,True,True,False,False,Rare,False,False,True
1,0,5.0854335041714425,1,1,False,True,False,True,False,False,Rare,False,False,True
0,0,3.2561716096118976,1,1,False,False,True,False,False,True,Mr,True,False,False
1,0,4.873745888700135,1,1,False,False,True,True,False,False,Mr,True,False,False
0,0,1.8961194845522977,1,1,False,False,True,False,True,False,Mr,True,False,False
0,0,2.1412419425852827,2,0,True,False,False,False,False,True,Mr,True,False,False
0,0,3.339321977944068,1,1,False,False,True,True,False,False,Mr,True,False,False
0,0,1.6331544390514163,2,0,True,False,False,False,False,True,Mr,True,False,False
1,1,0.0,1,1,False,False,True,False,True,False,Mrs,False,True,False
1,1,3.3068867021909143,3,0,True,False,False,True,False,False,Mrs,False,True,False
1,1,3.5151211279804695,3,0,True,False,False,False,False,True,Mrs,False,True,False
0,0,3.481240089335692,1,1,False,False,True,False,False,True,Rare,False,False,True
0,0,1.4539530095937052,4,0,False,False,True,False,False,True,Mr,True,False,False
0,0,2.7485521444115397,1,1,False,False,True,False,False,True,Mr,True,False,False
0,0,1.873339456220478,1,1,False,False,True,False,False,True,Mr,True,False,False
1,1,0.0,3,0,True,False,False,False,True,False,Mrs,False,True,False
0,0,5.079103583569675,1,1,False,False,True,True,False,False,Mr,True,False,False
0,0,3.132446096869813,3,0,False,False,True,False,False,True,Mr,True,False,False
0,0,2.8707357833793057,5,0,False,False,True,False,False,True,Mr,True,False,False
1,1,3.8349259550431793,1,1,False,False,True,False,False,True,Rare,False,False,True
0,0,2.199444334074532,1,1,True,False,False,False,True,False,Mr,True,False,False
0,0,2.613739521630969,1,1,False,False,True,False,True,False,Mr,True,False,False
0,0,2.2700619012884857,1,1,False,True,False,False,False,True,Rare,False,False,True
0,0,2.7006898466959175,1,1,False,True,False,False,True,False,Mr,True,False,False
0,0,0.0,1,1,False,False,True,False,False,True,Mr,True,False,False
0,0,1.095273387402595,1,1,False,False,True,False,False,True,Mr,True,False,False
0,0,1.1118575154181303,2,0,True,False,False,False,True,False,Mr,True,False,False
0,0,1.252762968495368,4,0,False,False,True,False,False,True,Mr,True,False,False
0,0,2.9806186357439426,2,0,False,False,True,False,False,True,Mr,True,False,False
1,0,2.4612967841488667,3,0,False,False,True,True,False,False,Mr,True,False,False
0,0,2.4874035299865875,1,1,False,False,True,False,False,True,Mr,True,False,False
1,1,3.171364842197149,1,1,True,False,False,False,False,True,Rare,False,False,True
0,1,1.7173950539391927,2,0,False,False,True,False,False,True,Mrs,False,True,False
0,0,3.6098362467734835,1,1,False,False,True,False,True,False,Mr,True,False,False
0,0,2.8914822521801917,2,0,False,True,False,False,False,True,Mr,True,False,False
0,0,0.0,3,0,True,False,False,False,True,False,Mr,True,False,False
0,0,0.0,1,1,False,False,True,True,False,False,Mr,True,False,False
1,1,2.87976009730157,1,1,True,False,False,False,False,True,Rare,False,False,True
0,0,0.0,1,1,False,False,True,True,False,False,Mr,True,False,False
1,1,2.4790562361098245,1,1,True,False,False,False,True,False,Rare,False,False,True
0,0,2.756205242989257,2,0,False,False,True,False,False,True,Mr,True,False,False
0,0,3.1363634032937364,3,0,False,False,True,False,False,True,Mr,True,False,False
1,1,2.47232786758114,1,1,True,False,False,False,False,True,Rare,False,False,True
1,1,2.848970892158587,1,1,False,False,True,False,False,True,Rare,False,False,True
1,1,3.2457124788217606,5,0,False,True,False,False,True,False,Rare,False,False,True
1,1,2.214846178686039,3,0,False,False,True,False,True,False,Mrs,False,True,False
0,0,3.624874124138024,2,0,False,True,False,False,True,False,Mr,True,False,False
1,1,3.6240742307478206,1,1,False,True,False,False,False,True,Rare,False,False,True
0,0,2.8390784635086144,1,1,False,False,True,False,False,True,Mr,True,False,False
1,1,3.4707234443107655,3,0,True,False,False,False,False,True,Rare,False,False,True
0,0,1.9572739077056285,1,1,False,False,True,False,False,True,Mr,True,False,False
1,1,4.605370165990758,1,1,False,True,False,True,False,False,Rare,False,False,True
0,0,2.6651427000909336,2,0,False,False,True,False,False,True,Mr,True,False,False
1,0,0.0,1,1,True,False,False,True,False,False,Mr,True,False,False
0,0,0.1397619423751587,1,1,False,False,True,False,False,True,Mr,True,False,False
1,1,0.3987761199573678,6,0,False,False,True,False,True,False,Rare,False,False,True
0,0,3.1372318358276905,3,0,False,False,True,False,False,True,Mr,True,False,False
0,0,3.755135249891002,1,1,False,False,True,False,True,False,Mr,True,False,False
0,0,4.396668911410751,1,1,True,False,False,True,False,False,Mr,True,False,False
0,0,4.439115601658009,1,1,False,False,True,True,False,False,Mr,True,False,False
0,1,2.5006159434931803,2,0,False,False,True,False,False,True,Rare,False,False,True
0,0,3.30395199722332,5,0,False,False,True,False,False,True,Mr,True,False,False
1,1,2.93651291389402,1,1,False,False,True,True,False,False,Rare,False,False,True
1,0,3.9502817175452365,2,0,False,False,True,True,False,False,Rare,False,False,True
0,0,2.405141681319138,2,0,True,False,False,False,False,True,Mr,True,False,False
1,1,0.0,1,1,False,True,False,True,False,False,Mrs,False,True,False
1,1,2.2375130962503307,3,0,False,False,True,False,False,True,Rare,False,False,True
0,0,3.208421366964342,3,0,False,False,True,False,False,True,Mr,True,False,False
0,0,0.0,4,0,False,False,True,True,False,False,Mr,True,False,False
1,1,5.116675578658839,1,1,False,False,True,True,False,False,Rare,False,False,True
0,0,3.070839746040796,4,0,False,False,True,False,False,True,Mr,True,False,False
1,1,3.5607619513334936,1,1,True,False,False,False,True,False,Rare,False,False,True
1,1,3.000222178826843,3,0,False,False,True,False,True,False,Rare,False,False,True
1,1,3.1692653243148663,3,0,True,False,False,False,False,True,Rare,False,False,True
0,0,1.9906103279732201,1,1,False,False,True,False,False,True,Mr,True,False,False
0,1,2.468099531471619,2,0,False,False,True,False,False,True,Mrs,False,True,False
0,0,3.380654480430826,4,0,False,False,True,False,False,True,Mr,True,False,False
0,0,2.7700855920216627,2,0,False,False,True,False,True,False,Mr,True,False,False
0,0,3.8084386891715756,1,1,False,False,True,True,False,False,Mr,True,False,False
0,0,2.388762789235098,2,0,True,False,False,False,False,True,Mr,True,False,False
1,1,3.315639493300509,1,1,False,False,True,False,False,True,Rare,False,False,True
1,1,2.2278615467981093,1,1,True,False,False,False,True,False,Rare,False,False,True
1,1,1.3912819026309295,1,1,False,False,True,False,False,True,Mrs,False,True,False
1,0,4.388008706351429,6,0,False,False,True,True,False,False,Mr,True,False,False
0,0,3.4781584227982836,1,1,False,False,True,False,False,True,Mr,True,False,False
0,0,4.255612709818223,6,0,False,False,True,True,False,False,Mr,True,False,False
1,1,2.534490149976828,1,1,False,False,True,False,False,True,Rare,False,False,True
0,0,5.570670041874793,1,1,False,False,True,True,False,False,Mr,True,False,False
1,1,0.0,1,1,False,False,True,True,False,False,Rare,False,False,True
0,0,1.506297153514587,4,0,False,False,True,True,False,False,Mr,True,False,False
0,0,0.0,2,0,False,False,True,False,False,True,Mr,True,False,False
1,1,2.937043277205311,3,0,False,False,True,False,False,True,Mrs,False,True,False
0,0,0.0,2,0,False,False,True,False,False,True,Mr,True,False,False
1,1,1.5665304114228238,2,0,False,True,False,False,False,True,Rare,False,False,True
1,1,3.379973745210529,5,0,False,False,True,False,True,False,Mrs,False,True,False
0,0,3.094219220268645,1,1,True,False,False,False,True,False,Mr,True,False,False
0,0,2.6004649904222727,1,1,False,False,True,False,False,True,Mr,True,False,False
1,0,4.947553489209959,5,0,False,False,True,True,False,False,Mr,True,False,False
1,1,0.0,1,1,False,False,True,False,False,True,Rare,False,False,True
0,0,5.5429875484065265,1,1,False,True,False,True,False,False,Mr,True,False,False
0,0,2.081938421878423,2,0,False,False,True,False,False,True,Mr,True,False,False
0,0,5.354981213665578,1,1,True,False,False,True,False,False,Mr,True,False,False
1,1,3.5313480661272005,1,1,False,False,True,False,False,True,Mrs,False,True,False
0,0,1.4929040961781488,1,1,False,False,True,False,False,True,Mr,True,False,False
1,1,3.0022112396517002,1,1,False,False,True,False,False,True,Rare,False,False,True
1,1,4.272630207894483,2,0,False,False,True,True,False,False,Rare,False,False,True
0,0,2.005525858729668,1,1,False,False,True,False,False,True,Mr,True,False,False
0,0,0.0,2,0,False,False,True,False,False,True,Mr,True,False,False
1,1,2.6290069937617573,2,0,False,False,True,False,False,True,Rare,False,False,True
0,0,2.4932054526026954,1,1,False,True,False,False,False,True,Rare,False,False,True
1,1,2.2202898502672155,2,0,False,False,True,False,False,True,Rare,False,False,True
0,0,2.9375733593804587,2,0,True,False,False,False,False,True,Mr,True,False,False
0,0,1.747459210331475,1,1,False,False,True,False,False,True,Mr,True,False,False
0,1,0.2851789422336624,1,1,False,False,True,False,False,True,Rare,False,False,True
0,0,2.7212954278522306,2,0,False,True,False,False,False,True,Mr,True,False,False
0,0,4.7153689782861665,1,1,True,False,False,True,False,False,Mr,True,False,False
0,0,3.3109079103146946,2,0,True,False,False,False,True,False,Mr,True,False,False
0,0,3.1867657709499673,2,0,False,False,True,False,False,True,Mr,True,False,False
0,0,0.0,1,1,False,False,True,False,False,True,Mr,True,False,False
0,0,2.033397603178429,3,0,False,False,True,False,False,True,Mr,True,False,False
1,1,2.412335956953165,1,1,False,False,True,False,False,True,Rare,False,False,True
0,0,0.4510756193602166,2,0,False,False,True,False,True,False,Mr,True,False,False
1,1,3.9500892062346025,1,1,True,False,False,True,False,False,Rare,False,False,True
0,0,3.5432754802551445,1,1,True,False,False,False,False,True,Mr,True,False,False
1,1,2.457877977400081,2,0,False,False,True,False,True,False,Rare,False,False,True
0,0,3.709906821306012,1,1,False,False,True,False,False,True,Mr,True,False,False
1,1,0.0,1,1,True,False,False,True,False,False,Rare,False,False,True
0,0,2.7087166456453704,1,1,False,False,True,False,False,True,Mr,True,False,False
0,0,2.9569914452375605,1,1,False,False,True,False,False,True,Mr,True,False,False
0,0,3.733613785454107,2,0,False,False,True,False,False,True,Mr,True,False,False
0,0,1.1216775615991057,1,1,False,False,True,False,False,True,Mr,True,False,False
0,0,3.8649313978942956,2,0,False,True,False,False,True,False,Mr,True,False,False
0,0,1.7404661748405046,3,0,False,False,True,False,False,True,Mr,True,False,False
1,1,2.66374994220563,3,0,False,False,True,False,False,True,Rare,False,False,True
1,0,4.217594110715667,3,0,False,False,True,True,False,False,Rare,False,False,True
0,0,2.6567569067146595,1,1,True,False,False,False,False,True,Mr,True,False,False
0,0,3.4852321106052293,1,1,True,False,False,False,False,True,Mr,True,False,False
0,1,2.7517480563679295,3,0,False,False,True,False,False,True,Rare,False,False,True
0,0,2.377692565480851,3,0,False,False,True,False,False,True,Mr,True,False,False
0,0,1.9740810260220096,1,1,False,False,True,False,False,True,Mr,True,False,False
0,0,3.234355395716587,2,0,False,False,True,False,True,False,Mr,True,False,False
1,1,1.5933085305042167,1,1,False,False,True,False,False,True,Mrs,False,True,False
1,1,3.5354368568703585,1,1,False,False,True,False,False,True,Mrs,False,True,False
1,0,2.0149030205422647,2,0,False,False,True,True,False,False,Mr,True,False,False
1,1,4.560172820057356,1,1,False,False,True,True,False,False,Rare,False,False,True
1,1,0.0,2,0,False,False,True,False,True,False,Mrs,False,True,False
0,0,3.232384174892993,1,1,True,False,False,False,False,True,Mr,True,False,False
1,1,3.2596338173403683,2,0,False,False,True,False,False,True,Rare,False,False,True
0,0,5.584698593266769,1,1,False,False,True,True,False,False,Mr,True,False,False
0,0,2.105352923464337,2,0,False,True,False,False,False,True,Mr,True,False,False
0,0,3.1830413718589847,3,0,False,False,True,False,True,False,Mr,True,False,False
0,0,2.917770732084279,1,1,False,False,True,False,False,True,Mr,True,False,False
0,0,3.0601145324832593,1,1,False,False,True,False,False,True,Mr,True,False,False
1,1,0.0,1,1,False,False,True,False,False,True,Rare,False,False,True
0,0,2.196112848483529,4,0,True,False,False,False,False,True,Mr,True,False,False
0,0,3.2623183827110376,1,1,False,False,True,False,True,False,Mr,True,False,False
0,0,3.7300213974451113,1,1,True,False,False,False,True,False,Mr,True,False,False
1,1,4.330996463561102,1,1,False,False,True,True,False,False,Mrs,False,True,False
0,0,1.780024213009634,4,0,False,False,True,False,False,True,Mr,True,False,False
0,0,2.3693087250369538,1,1,False,False,True,False,False,True,Rare,False,False,True
0,0,0.0,1,1,False,False,True,False,False,True,Mr,True,False,False
0,0,2.7763317085186157,1,1,False,False,True,False,False,True,Mr,True,False,False
1,1,2.6034301519721073,1,1,False,False,True,False,False,True,Rare,False,False,True
1,1,1.7884205679625405,1,1,False,False,True,False,False,True,Rare,False,False,True
0,0,2.4782176616372036,1,1,False,False,True,False,False,True,Mr,True,False,False
0,1,2.6004649904222727,1,1,True,False,False,False,False,True,Mrs,False,True,False
0,0,3.4728976958273465,1,1,False,False,True,False,True,False,Mr,True,False,False
1,1,0.0,1,1,False,True,False,False,False,True,Mrs,False,True,False
0,0,4.612443669954589,2,0,False,False,True,True,False,False,Mr,True,False,False
0,0,1.9501867058225735,2,0,False,False,True,False,False,True,Mr,True,False,False
0,0,2.5603232890727545,1,1,True,False,False,False,False,True,Mr,True,False,False
1,1,0.22314355131420976,2,0,False,False,True,True,False,False,Rare,False,False,True
0,0,3.9668899068689862,2,0,False,False,True,False,False,True,Mr,True,False,False
0,0,0.0,3,0,False,False,True,False,False,True,Mr,True,False,False
0,0,2.169053700369523,1,1,False,False,True,False,True,False,Rare,False,False,True
1,1,4.405376883282097,3,0,False,False,True,True,False,False,Mrs,False,True,False
0,0,2.0881534822818573,2,0,False,True,False,False,False,True,Mr,True,False,False
1,1,1.8050046959780757,1,1,False,False,True,False,False,True,Mrs,False,True,False
1,1,0.4824261492442927,1,1,True,False,False,False,False,True,Mrs,False,True,False
0,0,2.60638654732571,1,1,False,False,True,False,False,True,Mr,True,False,False
1,1,0.0,1,1,False,False,True,False,False,True,Mrs,False,True,False
0,0,3.1949928844048685,3,0,False,False,True,False,False,True,Mr,True,False,False
1,1,2.681706225762608,6,0,True,False,False,False,False,True,Rare,False,False,True
0,0,2.9258461460898246,2,0,True,False,False,False,False,True,Mr,True,False,False
1,1,3.1608228934195837,1,1,False,False,True,False,True,False,Mrs,False,True,False
1,1,4.173001695045377,2,0,False,False,True,True,False,False,Rare,False,False,True
1,1,4.3766371373894435,1,1,False,False,True,True,False,False,Mrs,False,True,False
1,1,0.18232155679395465,1,1,False,False,True,False,False,True,Rare,False,False,True
0,0,2.3085671646715933,2,0,False,False,True,False,False,True,Mr,True,False,False
0,0,1.5129270120532565,1,1,True,False,False,False,False,True,Mr,True,False,False
1,1,4.429506416858203,4,0,False,False,True,True,False,False,Rare,False,False,True
0,0,4.571303116476514,3,0,True,False,False,True,False,False,Rare,False,False,True
0,0,4.5286130632659365,3,0,False,False,True,True,False,False,Rare,False,False,True
1,1,3.2653776585196206,1,1,False,False,True,False,True,False,Mrs,False,True,False
0,1,3.288401887516811,1,1,False,False,True,False,False,True,Mrs,False,True,False
1,1,2.857618971424357,1,1,False,False,True,False,True,False,Rare,False,False,True
0,0,3.0160249768217535,2,0,True,False,False,False,True,False,Mr,True,False,False
1,1,0.708035793053696,2,0,False,False,True,False,False,True,Rare,False,False,True
0,0,3.5533460588187404,2,0,False,False,True,False,True,False,Rare,False,False,True
1,1,2.6004649904222727,2,0,False,False,True,False,False,True,Mrs,False,True,False
0,0,2.613739521630969,2,0,False,False,True,False,False,True,Mr,True,False,False
1,1,2.5930133911138515,4,0,False,False,True,False,True,False,Rare,False,False,True
1,1,1.9544450515051506,1,1,True,False,False,False,False,True,Mrs,False,True,False
0,0,2.9317269435780786,3,0,False,False,True,False,False,True,Mr,True,False,False
1,1,1.809926773183504,1,1,True,False,False,False,False,True,Mrs,False,True,False
0,0,5.109816758677367,2,0,False,False,True,True,False,False,Mr,True,False,False
1,1,0.0,2,0,False,False,True,False,False,True,Rare,False,False,True
1,1,2.655352412101761,2,0,False,True,False,False,False,True,Rare,False,False,True
0,0,3.4722769633431074,3,0,False,False,True,False,True,False,Mr,True,False,False
1,1,2.5847519847577165,1,1,True,False,False,False,False,True,Mrs,False,True,False
1,1,0.7793248768009976,2,0,False,False,True,False,False,True,Rare,False,False,True
0,0,1.6845453849209058,1,1,False,False,True,False,False,True,Mr,True,False,False
0,0,3.5085558999826545,3,0,True,False,False,False,True,False,Mr,True,False,False
1,1,2.8166056076565553,1,1,True,False,False,False,False,True,Rare,False,False,True
1,1,3.9045954895993495,1,1,False,False,True,False,True,False,Mrs,False,True,False
1,1,4.831588369835958,1,1,False,False,True,True,False,False,Mrs,False,True,False
1,1,3.777805663308338,1,1,False,False,True,True,False,False,Rare,False,False,True
0,0,2.8449093838194073,4,0,True,False,False,True,False,False,Mr,True,False,False
1,1,4.432600920636815,1,1,False,False,True,True,False,False,Mrs,False,True,False
1,0,4.561322786207815,2,0,True,False,False,True,False,False,Mr,True,False,False
0,0,0.0,1,1,False,False,True,False,False,True,Mr,True,False,False
0,0,4.257596556295705,3,0,False,False,True,True,False,False,Mr,True,False,False
0,0,3.6609942506244004,1,1,False,False,True,False,True,False,Mr,True,False,False
0,0,3.342861804649192,1,1,False,False,True,False,False,True,Rare,False,False,True
0,0,3.2011191032789417,2,0,False,True,False,False,False,True,Mr,True,False,False
1,1,0.0,2,0,False,False,True,False,False,True,Rare,False,False,True
0,0,4.457250055911469,1,1,False,True,False,True,False,False,Mr,True,False,False
0,0,4.990296523100725,2,0,False,False,True,True,False,False,Mr,True,False,False
1,0,5.081031624717987,2,0,True,False,False,True,False,False,Mr,True,False,False
1,0,3.8225358389266098,3,0,True,False,False,True,False,False,Mr,True,False,False
0,0,4.013676659154646,1,1,False,False,True,False,True,False,Mr,True,False,False
0,0,3.228430037673012,3,0,False,False,True,True,False,False,Mr,True,False,False
1,0,0.0,1,1,False,False,True,True,False,False,Mr,True,False,False
1,1,4.6929063002921785,1,1,True,False,False,True,False,False,Rare,False,False,True
0,0,1.8946168546677629,1,1,False,False,True,False,False,True,Mr,True,False,False
0,0,3.9638561540681634,1,1,False,False,True,True,False,False,Mr,True,False,False
0,0,3.15016862685841,1,1,True,False,False,False,True,False,Mr,True,False,False
1,1,2.7107133185216936,1,1,False,False,True,False,False,True,Mrs,False,True,False
0,0,3.5225296668296804,1,1,False,False,True,False,False,True,Mr,True,False,False
0,0,0.0,2,0,True,False,False,True,False,False,Mr,True,False,False
0,0,2.712706012638404,2,0,False,False,True,False,False,True,Mr,True,False,False
0,0,3.26880819361641,1,1,True,False,False,False,False,True,Mr,True,False,False
0,0,4.4569021693189885,2,0,False,False,True,True,False,False,Mr,True,False,False
0,0,2.9699015135194693,4,0,False,False,True,False,False,True,Mr,True,False,False
0,0,2.3263016196113617,3,0,False,False,True,False,False,True,Mr,True,False,False
0,0,4.239166146760841,1,1,False,False,True,True,False,False,Rare,False,False,True
0,0,3.765840495250065,2,0,True,False,False,False,True,False,Rare,False,False,True
1,1,2.033397603178429,4,0,False,False,True,False,False,True,Rare,False,False,True
1,1,2.5764217586237734,3,0,False,False,True,False,False,True,Mrs,False,True,False
1,1,4.029272565478386,2,0,False,False,True,True,False,False,Rare,False,False,True
1,1,4.621830626881199,1,1,False,False,True,True,False,False,Mrs,False,True,False
0,0,3.0160249768217535,1,1,True,False,False,False,True,False,Mr,True,False,False
0,0,2.5974910105351463,2,0,False,False,True,False,False,True,Mr,True,False,False
0,0,3.5562048372093953,1,1,False,False,True,False,False,True,Mr,True,False,False
0,0,3.607669398688393,1,1,False,True,False,False,True,False,Mr,True,False,False
1,1,3.3617633124167483,2,0,False,False,True,False,False,True,Rare,False,False,True
0,0,2.658159431488745,2,0,True,False,False,False,False,True,Mr,True,False,False
1,1,0.0,1,1,False,False,True,True,False,False,Mrs,False,True,False
0,0,2.830857630363757,3,0,False,False,True,False,True,False,Mr,True,False,False
1,1,3.4391352210025476,1,1,True,False,False,False,False,True,Rare,False,False,True
0,0,0.0,1,1,False,False,True,False,False,True,Mr,True,False,False
0,0,0.0,2,0,False,False,True,False,False,True,Mr,True,False,False
0,0,3.3463891451671604,2,0,False,False,True,False,False,True,Mr,True,False,False
1,0,4.0809215418899605,3,0,False,False,True,True,False,False,Mr,True,False,False
0,0,2.9381031607173544,1,1,False,False,True,False,True,False,Mr,True,False,False
0,0,0.0,3,0,True,False,False,False,False,True,Mr,True,False,False
1,1,3.088311454847084,1,1,False,False,True,False,True,False,Rare,False,False,True
0,0,3.4210000089583352,2,0,False,False,True,False,True,False,Rare,False,False,True
0,0,1.814824742159051,2,0,True,False,False,False,True,False,Mr,True,False,False
0,0,5.167468088123044,2,0,False,False,True,True,False,False,Mr,True,False,False
1,1,3.1793030497483774,1,1,False,False,True,False,True,False,Mrs,False,True,False
0,0,1.6054298910365616,2,0,True,False,False,True,False,False,Mr,True,False,False
0,0,2.5922651681085,1,1,True,False,False,False,True,False,Mr,True,False,False
0,0,4.5364629879783,1,1,False,False,True,True,False,False,Mr,True,False,False
0,0,3.2507620137305224,3,0,False,False,True,False,False,True,Mr,True,False,False
1,1,1.9544450515051506,2,0,False,False,True,False,False,True,Rare,False,False,True
0,0,2.372111155642656,2,0,False,False,True,False,False,True,Mr,True,False,False
0,0,3.111735949310297,1,1,False,False,True,False,False,True,Mr,True,False,False
1,1,2.1041341542702074,1,1,True,False,False,False,False,True,Mrs,False,True,False
1,0,4.679349584162343,2,0,False,True,False,True,False,False,Rare,False,False,True
0,0,2.91180703861623,1,1,True,False,False,False,False,True,Mr,True,False,False
0,0,3.119718253334982,1,1,False,False,True,False,False,True,Mr,True,False,False
1,1,0.0,2,0,True,False,False,False,False,True,Rare,False,False,True
0,0,1.5151272329628591,1,1,False,False,True,False,True,False,Mr,True,False,False
1,1,4.454928522657548,3,0,False,False,True,True,False,False,Mrs,False,True,False
0,0,2.2669579153508947,1,1,False,False,True,False,True,False,Mr,True,False,False
0,0,2.907447358686419,3,0,False,False,True,False,True,False,Mr,True,False,False
0,0,3.4560011737028296,2,0,True,False,False,False,False,True,Mr,True,False,False
1,1,3.363495514478144,2,0,False,False,True,False,False,True,Mrs,False,True,False
0,0,2.3145136638593193,1,1,False,False,True,False,True,False,Mr,True,False,False
1,1,3.3971893602646164,2,0,False,True,False,False,False,True,Rare,False,False,True
1,1,2.845490610223448,1,1,False,False,True,False,False,True,Rare,False,False,True
1,0,5.073422282195021,2,0,True,False,False,True,False,False,Mr,True,False,False
1,0,5.420490750505713,6,0,False,False,True,True,False,False,Mr,True,False,False
0,0,4.439115601658009,2,0,False,False,True,True,False,False,Mr,True,False,False
0,0,3.166740070447672,2,0,False,True,False,False,True,False,Mr,True,False,False
1,1,4.173771695853422,3,0,False,False,True,True,False,False,Rare,False,False,True
1,1,4.691439621140267,1,1,False,False,True,True,False,False,Rare,False,False,True
0,0,3.5898875049069856,2,0,False,False,True,False,True,False,Mr,True,False,False
0,0,0.0,1,1,False,False,True,True,False,False,Rare,False,False,True
1,1,2.681706225762608,4,0,False,False,True,False,False,True,Mrs,False,True,False
0,0,4.5954228345332115,4,0,False,False,True,True,False,False,Mr,True,False,False
1,1,0.0,4,0,False,False,True,False,False,True,Rare,False,False,True
0,0,2.6304489550786583,1,1,True,False,False,False,True,False,Mr,True,False,False
1,1,2.664446563620078,2,0,False,False,True,False,False,True,Rare,False,False,True
0,0,4.966822721139603,3,0,False,False,True,True,False,False,Mr,True,False,False
0,0,2.3580197998821464,1,1,False,False,True,False,True,False,Mr,True,False,False
0,0,2.857618971424357,2,0,False,True,False,False,False,True,Mr,True,False,False
0,0,0.4700036292457356,1,1,False,True,False,False,False,True,Mr,True,False,False
0,0,0.23901690047049992,4,0,False,False,True,False,False,True,Mr,True,False,False
1,1,3.071303460401065,3,0,True,False,False,False,True,False,Rare,False,False,True
1,1,5.003342096602114,1,1,False,False,True,True,False,False,Mrs,False,True,False
0,0,2.0980179272527715,4,0,False,False,True,False,False,True,Mr,True,False,False
0,0,2.97092715463502,1,1,False,False,True,False,False,True,Mr,True,False,False
0,0,1.1600209167967532,2,0,False,False,True,False,False,True,Mr,True,False,False
0,0,3.4550540544528663,1,1,False,False,True,False,False,True,Mr,True,False,False
0,0,3.3562000157314196,1,1,False,False,True,False,True,False,Mr,True,False,False
0,0,0.0,1,1,False,False,True,False,False,True,Mr,True,False,False
0,0,0.0,2,0,True,False,False,True,False,False,Rare,False,False,True
0,0,2.783157673589016,1,1,False,False,True,False,True,False,Mr,True,False,False
0,0,0.5822156198526637,3,0,True,False,False,False,True,False,Mr,True,False,False
0,0,3.110399348532117,1,1,False,False,True,False,False,True,Mr,True,False,False
1,1,3.8199077165203406,4,0,False,False,True,False,True,False,Rare,False,False,True
1,0,5.207845463383961,1,1,False,False,True,True,False,False,Mr,True,False,False
0,1,2.6004649904222727,1,1,False,False,True,False,False,True,Mrs,False,True,False
0,0,2.2700619012884857,4,0,False,False,True,False,True,False,Mr,True,False,False
0,0,2.065596134857783,1,1,True,False,False,False,False,True,Mr,True,False,False
1,1,5.18122159467179,1,1,False,False,True,True,False,False,Mrs,False,True,False
1,1,2.563409711275944,1,1,False,False,True,False,False,True,Rare,False,False,True
0,1,0.0,2,0,False,False,True,False,False,True,Rare,False,False,True
0,0,3.7438410121879104,1,1,False,False,True,True,False,False,Mr,True,False,False
0,0,0.0,2,0,True,False,False,False,True,False,Mr,True,False,False
1,1,4.95215836433728,1,1,False,False,True,True,False,False,Rare,False,False,True
1,0,5.224024761966182,1,1,False,True,False,True,False,False,Mr,True,False,False
0,0,2.866192902199006,1,1,False,True,False,False,False,True,Mr,True,False,False
0,0,0.07696104113612832,1,1,False,False,True,False,True,False,Mr,True,False,False
0,0,0.0,2,0,False,False,True,False,False,True,Mr,True,False,False
1,1,2.5687881337687024,1,1,True,False,False,False,True,False,Rare,False,False,True
0,0,2.617395832834079,2,0,False,True,False,False,False,True,Mr,True,False,False
0,0,3.5689691574413787,3,0,False,False,True,False,False,True,Mr,True,False,False
0,0,3.070839746040796,6,0,True,False,False,False,False,True,Mr,True,False,False
0,0,3.4307561839036995,1,1,True,False,False,False,False,True,Mr,True,False,False
0,0,2.252343876557299,3,0,False,False,True,False,True,False,Mr,True,False,False
0,0,3.1232455938529506,1,1,False,False,True,False,True,False,Mr,True,False,False
0,0,2.727199019940971,2,0,True,False,False,False,False,True,Mr,True,False,False
1,1,2.8094026953624978,1,1,False,False,True,False,False,True,Mrs,False,True,False
0,0,1.3001916620664788,1,1,False,False,True,False,False,True,Mr,True,False,False
0,0,5.3531369363121435,2,0,False,False,True,True,False,False,Mr,True,False,False
0,1,2.4630018143999504,2,0,False,False,True,False,False,True,Rare,False,False,True
1,1,3.4550540544528663,3,0,False,False,True,False,False,True,Rare,False,False,True
1,0,5.254051950250021,2,0,True,False,False,True,False,False,Mr,True,False,False
0,0,3.632309102625542,2,0,False,False,True,True,False,False,Rare,False,False,True
0,0,1.308332819650179,1,1,False,False,True,False,False,True,Mr,True,False,False
1,1,0.0,3,0,False,False,True,False,False,True,Mrs,False,True,False
0,1,3.2950958507796098,2,0,False,False,True,False,False,True,Rare,False,False,True
1,1,0.0,3,0,False,False,True,True,False,False,Mrs,False,True,False
0,0,3.3250360206965914,3,0,False,False,True,False,False,True,Mr,True,False,False
1,1,5.237345809556553,2,0,False,False,True,True,False,False,Rare,False,False,True
1,0,4.2740237421222265,1,1,False,False,True,True,False,False,Mr,True,False,False
0,0,4.513164540192067,1,1,False,False,True,True,False,False,Mr,True,False,False
0,0,2.5079719227189963,1,1,False,False,True,False,False,True,Mr,True,False,False
1,1,2.87751164216656,1,1,False,True,False,False,False,True,Rare,False,False,True
0,0,3.3207101307494686,1,1,False,False,True,False,False,True,Mr,True,False,False
1,1,1.9473377010464987,2,0,False,False,True,False,True,False,Rare,False,False,True
0,0,1.9213246735826988,1,1,True,False,False,False,False,True,Mr,True,False,False
0,0,3.5100517865742376,1,1,False,False,True,False,True,False,Mr,True,False,False
0,0,2.6004649904222727,5,0,False,False,True,False,False,True,Rare,False,False,True
0,0,2.947591898226056,1,1,False,False,True,False,True,False,Mr,True,False,False
1,1,0.8754687373538999,1,1,False,False,True,False,True,False,Rare,False,False,True
0,0,2.6796507265805123,2,0,True,False,False,False,False,True,Mr,True,False,False
1,1,2.840247370713596,1,1,False,True,False,False,True,False,Rare,False,False,True
1,1,2.169053700369523,1,1,False,False,True,False,False,True,Mrs,False,True,False
1,1,3.479700443150099,2,0,False,False,True,False,False,True,Mrs,False,True,False
1,0,4.154969184038536,2,0,False,False,True,True,False,False,Mr,True,False,False
0,0,3.299533727885655,1,1,False,True,False,False,False,True,Mr,True,False,False
0,0,3.8128654338949275,1,1,True,False,False,False,True,False,Mr,True,False,False
1,1,0.0,1,1,False,False,True,False,False,True,Mrs,False,True,False
0,1,3.7800903341673204,2,0,False,False,True,False,False,True,Rare,False,False,True
0,0,2.5877640352277083,2,0,False,False,True,False,False,True,Mr,True,False,False
1,1,0.0,1,1,False,False,True,True,False,False,Mrs,False,True,False
0,0,0.0,2,0,False,False,True,False,False,True,Mr,True,False,False
0,0,2.449279472144849,1,1,False,False,True,False,False,True,Mr,True,False,False
0,0,3.5201649007261984,4,0,False,False,True,False,True,False,Mr,True,False,False
1,1,4.6290820060344045,1,1,False,True,False,True,False,False,Mrs,False,True,False
0,0,2.372111155642656,4,0,False,True,False,False,False,True,Mr,True,False,False
1,1,3.0430928449138284,2,0,False,False,True,False,False,True,Mrs,False,True,False
1,1,2.2762411176544437,1,1,False,False,True,False,False,True,Rare,False,False,True
1,1,0.0,1,1,True,False,False,False,False,True,Rare,False,False,True
0,0,2.514465452029545,5,0,False,False,True,False,False,True,Mr,True,False,False
0,0,3.797958049140173,3,0,False,False,True,True,False,False,Mr,True,False,False
0,0,2.865053949911875,3,0,False,False,True,False,True,False,Mr,True,False,False
0,0,3.658677945380815,2,0,False,False,True,False,True,False,Mr,True,False,False
0,0,2.6004649904222727,1,1,False,False,True,False,False,True,Mr,True,False,False
1,1,3.7607348912143643,1,1,False,False,True,True,False,False,Mrs,False,True,False
0,0,1.269760544863939,2,0,False,False,True,False,False,True,Mr,True,False,False
0,0,3.245322994883049,1,1,False,False,True,False,False,True,Mr,True,False,False
0,0,2.222459048514761,2,0,False,False,True,False,False,True,Mr,True,False,False
0,0,2.8178010650613294,2,0,False,False,True,False,True,False,Rare,False,False,True
0,0,2.300583090323373,2,0,True,False,False,False,False,True,Rare,False,False,True
0,0,3.8071068354785864,2,0,False,False,True,True,False,False,Mr,True,False,False
1,1,3.070839746040796,1,1,False,False,True,False,False,True,Mrs,False,True,False
0,0,4.439115601658009,1,1,False,False,True,True,False,False,Mr,True,False,False
1,1,3.210440346047099,2,0,False,False,True,False,True,False,Rare,False,False,True
1,1,2.167910189667444,1,1,False,False,True,False,False,True,Rare,False,False,True
1,0,4.773815311965802,1,1,True,False,False,True,False,False,Mr,True,False,False
1,1,0.0,1,1,False,False,True,True,False,False,Rare,False,False,True
0,0,0.0,3,0,False,False,True,False,False,True,Mr,True,False,False
1,1,2.6567569067146595,1,1,False,False,True,False,False,True,Rare,False,False,True
0,0,3.038312721089109,1,1,False,False,True,False,False,True,Mr,True,False,False
1,1,2.7806808921371178,2,0,False,False,True,False,False,True,Rare,False,False,True
0,1,3.3467411958660964,2,0,False,False,True,False,False,True,Rare,False,False,True
1,1,3.2461018111217923,1,1,False,False,True,False,True,False,Mrs,False,True,False
1,1,2.900871992530031,1,1,False,False,True,False,True,False,Rare,False,False,True
1,0,4.889371206603217,1,1,False,False,True,True,False,False,Mr,True,False,False
0,0,2.7140322727797574,5,0,False,False,True,False,False,True,Mr,True,False,False
0,0,2.2731562823032334,1,1,False,False,True,False,False,True,Mr,True,False,False
0,0,2.5756610130564646,1,1,False,False,True,False,True,False,Mr,True,False,False
1,1,1.9198594718553708,1,1,False,False,True,False,False,True,Mrs,False,True,False
0,0,1.9851308622085946,1,1,False,False,True,False,False,True,Mr,True,False,False
1,1,0.0,3,0,False,False,True,True,False,False,Mrs,False,True,False
0,0,3.3631493140246254,2,0,False,True,False,False,False,True,Mr,True,False,False
0,1,0.0,1,1,True,False,False,False,False,True,Rare,False,False,True
0,0,2.9096295745005794,1,1,False,False,True,False,False,True,Mr,True,False,False
1,1,4.3992524153389505,1,1,False,False,True,True,False,False,Mrs,False,True,False
1,1,0.0,1,1,False,False,True,False,False,True,Rare,False,False,True
0,0,2.8570447537800976,2,0,False,False,True,False,False,True,Mr,True,False,False
0,0,2.9564715596006885,1,1,False,False,True,False,False,True,Mr,True,False,False
1,1,3.0199369622508083,2,0,False,False,True,False,False,True,Mrs,False,True,False
0,0,0.0,1,1,True,False,False,False,False,True,Mr,True,False,False
0,0,3.3683297780365384,1,1,True,False,False,False,False,True,Mr,True,False,False
0,0,4.116106054003613,6,0,False,False,True,True,False,False,Mr,True,False,False
0,0,3.070375816549757,1,1,False,False,True,False,False,True,Rare,False,False,True
0,0,3.0978374964911444,2,0,False,False,True,False,False,True,Mr,True,False,False
0,0,3.435598808379488,1,1,True,False,False,False,True,False,Mr,True,False,False
0,0,3.0572976292121457,2,0,True,False,False,False,False,True,Mr,True,False,False
0,0,2.278292400425001,1,1,True,False,False,False,False,True,Mr,True,False,False
0,1,0.0,3,0,False,False,True,False,False,True,Mrs,False,True,False
0,0,3.2902658209548736,2,0,False,False,True,False,False,True,Mr,True,False,False
1,1,4.960674444942484,5,0,False,False,True,True,False,False,Mrs,False,True,False
0,0,1.5260563034950492,2,0,False,False,True,False,False,True,Mr,True,False,False
0,0,2.258633205464863,2,0,False,False,True,False,False,True,Mr,True,False,False
0,0,4.886431690636949,4,0,False,False,True,True,False,False,Mr,True,False,False
0,0,2.5930133911138515,1,1,False,False,True,False,False,True,Mr,True,False,False
0,0,2.997231149677727,3,0,False,False,True,False,False,True,Mr,True,False,False
0,0,0.0,1,1,False,False,True,False,False,True,Mr,True,False,False
0,0,1.763017000362401,3,0,False,False,True,False,False,True,Mr,True,False,False
0,0,2.757475084429733,1,1,False,False,True,False,True,False,Mr,True,False,False
1,1,5.01529110563245,1,1,False,False,True,True,False,False,Rare,False,False,True
0,0,3.4913427315135013,1,1,False,False,True,False,True,False,Mr,True,False,False
0,0,3.255786178888298,2,0,False,False,True,False,False,True,Mr,True,False,False
1,1,0.0,1,1,False,False,True,True,False,False,Mrs,False,True,False
0,0,3.0791538816930633,1,1,False,True,False,False,True,False,Mr,True,False,False
0,0,3.112181086197238,1,1,False,False,True,False,True,False,Mr,True,False,False
1,1,2.4973291697865574,2,0,False,False,True,False,False,True,Mrs,False,True,False
0,0,3.027230940613362,3,0,False,False,True,False,False,True,Mr,True,False,False
1,1,3.5336865647082343,1,1,True,False,False,False,True,False,Mrs,False,True,False
1,1,2.5862591440482876,1,1,False,False,True,False,True,False,Rare,False,False,True
0,0,3.2980566227426418,1,1,False,False,True,False,False,True,Mr,True,False,False
0,0,1.220829921392359,1,1,False,False,True,False,False,True,Mr,True,False,False
0,0,4.6414056785701865,1,1,False,False,True,True,False,False,Mr,True,False,False
0,0,1.7967470107390942,1,1,True,False,False,False,False,True,Mr,True,False,False
0,0,0.0,3,0,False,False,True,True,False,False,Mr,True,False,False
1,1,4.694096395182493,2,0,True,False,False,True,False,False,Rare,False,False,True
0,0,3.092405160814252,3,0,True,False,False,False,False,True,Mr,True,False,False
0,0,3.3167282250357055,3,0,False,False,True,False,True,False,Mr,True,False,False
1,1,2.6720775406433925,1,1,False,False,True,False,False,True,Rare,False,False,True
1,1,1.7083778602890038,1,1,False,False,True,False,True,False,Mrs,False,True,False
0,0,0.0,1,1,True,False,False,False,False,True,Rare,False,False,True
0,0,3.6200651381135764,1,1,False,False,True,False,False,True,Mr,True,False,False
0,0,0.0,3,0,False,True,False,True,False,False,Mr,True,False,False
0,0,0.0,1,1,False,False,True,False,False,True,Mr,True,False,False
0,0,4.233961566558017,2,0,False,False,True,True,False,False,Mr,True,False,False
0,0,2.6651427000909336,3,0,True,False,False,False,False,True,Mr,True,False,False
1,1,3.782597457987688,4,0,False,False,True,True,False,False,Rare,False,False,True
0,0,3.0160249768217535,2,0,False,False,True,False,True,False,Mr,True,False,False
0,0,4.439115601658009,6,0,False,False,True,True,False,False,Mr,True,False,False
0,0,2.8495497633759097,1,1,False,False,True,False,False,True,Mr,True,False,False
0,0,2.9418039315284354,1,1,False,False,True,False,False,True,Mr,True,False,False
1,1,2.553343811341229,1,1,False,False,True,False,False,True,Mrs,False,True,False
1,1,4.01041932728434,4,0,False,False,True,True,False,False,Rare,False,False,True
1,1,0.0,6,0,False,True,False,False,False,True,Rare,False,False,True
0,0,3.7017956793804827,3,0,False,True,False,True,False,False,Mr,True,False,False
0,0,2.6004649904222727,2,0,False,False,True,False,False,True,Rare,False,False,True
1,0,4.473237514727265,2,0,True,False,False,True,False,False,Mr,True,False,False
0,0,0.0,2,0,False,False,True,True,False,False,Rare,False,False,True
0,0,5.057709701482184,2,0,False,False,True,True,False,False,Mr,True,False,False
0,1,2.7555697170701863,3,0,False,False,True,False,False,True,Rare,False,False,True
0,0,2.8384934971274993,1,1,False,True,False,False,False,True,Mr,True,False,False
1,0,4.913830664825064,1,1,False,True,False,True,False,False,Mr,True,False,False
0,0,2.6004649904222727,1,1,False,False,True,False,False,True,Mr,True,False,False
0,0,3.2846635654062037,1,1,False,False,True,False,False,True,Mr,True,False,False
0,0,3.68987895444702,1,1,False,False,True,False,False,True,Mr,True,False,False
1,1,3.6117283949255214,3,0,False,False,True,False,True,False,Mrs,False,True,False
1,1,3.039749158970765,3,0,False,False,True,False,True,False,Rare,False,False,True
1,1,2.253394848803274,3,0,False,False,True,False,False,True,Rare,False,False,True
0,0,4.536355869987732,1,1,True,False,False,True,False,False,Mr,True,False,False
0,0,4.06182137051654,2,0,False,False,True,True,False,False,Mr,True,False,False
0,0,2.0135687975291283,1,1,False,True,False,False,False,True,Mr,True,False,False
0,0,3.4375293109095457,1,1,False,False,True,False,False,True,Rare,False,False,True
1,1,3.3690184832979204,1,1,False,False,True,False,True,False,Rare,False,False,True
0,0,3.66612246699132,2,0,True,False,False,False,True,False,Rare,False,False,True
0,0,3.2646137165420543,3,0,True,False,False,False,False,True,Mr,True,False,False
0,0,3.641263600172273,2,0,False,False,True,False,True,False,Mr,True,False,False
0,0,3.6389010843076948,1,1,False,False,True,True,False,False,Mr,True,False,False
1,1,3.5726264972896864,1,1,False,True,False,True,False,False,Mrs,False,True,False
0,0,2.6297282343267403,2,0,False,False,True,False,False,True,Mr,True,False,False
0,0,2.6004649904222727,1,1,False,False,True,False,False,True,Mr,True,False,False
0,0,4.9693965460796585,1,1,False,False,True,True,False,False,Mr,True,False,False
0,0,4.214938458520516,2,0,True,False,False,True,False,False,Mr,True,False,False
1,1,0.0,1,1,True,False,False,True,False,False,Rare,False,False,True
1,1,3.0577676644734435,3,0,False,True,False,False,False,True,Rare,False,False,True
1,1,4.700116663297045,1,1,False,False,True,True,False,False,Rare,False,False,True
1,1,0.0,2,0,False,False,True,True,False,False,Rare,False,False,True
0,0,2.8154087194227095,1,1,False,False,True,False,False,True,Mr,True,False,False
1,1,4.539564428890097,1,1,True,False,False,True,False,False,Rare,False,False,True
0,0,1.958685340544036,1,1,False,False,True,False,False,True,Mr,True,False,False
0,0,0.0,1,1,False,False,True,True,False,False,Mr,True,False,False
1,1,5.082211492585477,3,0,False,False,True,True,False,False,Rare,False,False,True
0,0,2.733067964077498,1,1,False,False,True,False,True,False,Mr,True,False,False
1,1,1.3190856114264407,2,0,True,False,False,False,False,True,Mrs,False,True,False
